Frequency,dB
1000000000,1.6580776698217
1007820136.85239,1.54523665525772
1015640273.70479,1.42760758499995
1023460410.55718,1.40106385896321
1031280547.40958,1.34405659733254
1039100684.26197,1.39172696462103
1046920821.11437,1.49762982330691
1054740957.96676,1.58641401356497
1062561094.81916,1.66079937819841
1070381231.67155,1.74161731251395
1078201368.52395,1.74137029361851
1086021505.37634,1.66258246453054
1093841642.22874,1.60542854050551
1101661779.08113,1.51428908256006
1109481915.93353,1.47992892887402
1117302052.78592,1.43400338722601
1125122189.63832,1.46038514765178
1132942326.49071,1.48549067137014
1140762463.34311,1.56649430451695
1148582600.1955,1.64207733645628
1156402737.0479,1.71246096261198
1164222873.90029,1.751178805222
1172043010.75269,1.73060355764256
1179863147.60508,1.6796741093183
1187683284.45748,1.6297464819978
1195503421.30987,1.5756842866587
1203323558.16227,1.57389393513305
1211143695.01466,1.53541904282948
1218963831.86706,1.54366983803905
1226783968.71945,1.57024461740796
1234604105.57185,1.60694865276744
1242424242.42424,1.6138528265979
1250244379.27664,1.75445842259463
1258064516.12903,1.82657335573117
1265884652.98143,1.83854742688746
1273704789.83382,1.8153282270546
1281524926.68621,1.73440498432085
1289345063.53861,1.73446350953431
1297165200.391,1.67343551426378
1304985337.2434,1.62399099944459
1312805474.09579,1.65070489840844
1320625610.94819,1.71941357605066
1328445747.80058,1.79531332378016
1336265884.65298,1.87396567654329
1344086021.50537,1.95596375196879
1351906158.35777,1.96414799356289
1359726295.21016,1.94976223713462
1367546432.06256,1.9363199881026
1375366568.91495,1.92232502999178
1383186705.76735,1.94877583087578
1391006842.61974,1.99303239418705
1398826979.47214,2.03375053727615
1406647116.32453,2.09232317129898
1414467253.17693,2.12629864435868
1422287390.02932,2.12018410688827
1430107526.88172,2.12244084694457
1437927663.73411,2.15839563632194
1445747800.58651,2.2241635276753
1453567937.4389,2.31100367958944
1461388074.2913,2.39164005562262
1469208211.14369,2.4347139409411
1477028347.99609,2.39147722910534
1484848484.84848,2.4085028396461
1492668621.70087,2.38969661084835
1500488758.55327,2.45233046628963
1508308895.40566,2.6263857561833
1516129032.25806,2.90331208748279
1523949169.11045,3.25716445497685
1531769305.96285,3.61374504418153
1539589442.81524,4.07722019880426
1547409579.66764,4.67749135959317
1555229716.52003,5.77253772808294
1563049853.37243,6.05844190358516
1570869990.22482,3.82660701093496
1578690127.07722,2.58148989052716
1586510263.92961,2.28054164883103
1594330400.78201,2.2893951349885
1602150537.6344,2.38663630047166
1609970674.4868,2.52853565881236
1617790811.33919,2.61313978944754
1625610948.19159,2.67182127713676
1633431085.04398,2.69654605415605
1641251221.89638,2.71309912017468
1649071358.74877,2.74946809723159
1656891495.60117,2.79463091367083
1664711632.45356,2.85647411434094
1672531769.30596,2.88027649804912
1680351906.15835,2.86871514328067
1688172043.01075,2.85044219314406
1695992179.86314,2.9082267668737
1703812316.71553,3.03749849579725
1711632453.56793,3.19039297958285
1719452590.42032,3.3412858986644
1727272727.27272,3.52560884507528
1735092864.12511,3.57973350159345
1742913000.97751,3.58083013486432
1750733137.8299,3.53588879454437
1758553274.6823,3.47685925131932
1766373411.53469,3.4102357476099
1774193548.38709,3.47102550828469
1782013685.23948,3.59104644758408
1789833822.09188,3.75725328318926
1797653958.94427,3.9349928113664
1805474095.79667,4.07184373682033
1813294232.64906,4.20620115012319
1821114369.50146,4.22625489489651
1828934506.35385,4.1467196177163
1836754643.20625,4.05871013941438
1844574780.05864,3.94922804787436
1852394916.91104,3.95720906960765
1860215053.76343,4.04830078700806
1868035190.61583,4.20149998454722
1875855327.46822,4.40367666184839
1883675464.32062,4.53851070532375
1891495601.17301,4.64760654899343
1899315738.02541,4.72477136701157
1907135874.8778,4.63396172902602
1914956011.7302,4.56288899181833
1922776148.58259,4.51684100745424
1930596285.43498,4.51586019392641
1938416422.28738,4.56735370303433
1946236559.13977,4.61572132156351
1954056695.99217,4.59570103771909
1961876832.84456,4.58710732888161
1969696969.69696,4.59781306667306
1977517106.54935,4.60453685313369
1985337243.40175,4.71597515926547
1993157380.25414,4.82781772775725
2000977517.10654,4.90800253085142
2008797653.95893,4.91130261096094
2016617790.81133,4.90722904691426
2024437927.66372,4.88542341244785
2032258064.51612,4.83124884842679
2040078201.36851,4.77721014112574
2047898338.22091,4.70456748571521
2055718475.0733,4.75669381260776
2063538611.9257,4.87545161722113
2071358748.77809,5.00080425704358
2079178885.63049,5.04342243320455
2086999022.48288,5.06354189284329
2094819159.33528,5.0237118048161
2102639296.18767,4.90347208960741
2110459433.04007,4.79012742570517
2118279569.89246,4.66256438116789
2126099706.74486,4.64300839510022
2133919843.59725,4.7537773073576
2141739980.44964,4.90324060321359
2149560117.30204,5.06332554862375
2157380254.15443,5.16331459066781
2165200391.00683,5.20919685732377
2173020527.85922,5.1115106646571
2180840664.71162,4.98693698314226
2188660801.56401,4.87742488960621
2196480938.41641,4.86109817381753
2204301075.26881,4.85215334009335
2212121212.1212,4.91500808167228
2219941348.9736,5.03786029009911
2227761485.82599,5.22431910664977
2235581622.67839,5.34856345196345
2243401759.53078,5.36924722714172
2251221896.38318,5.36910544241789
2259042033.23557,5.33972131570245
2266862170.08797,5.29429700274572
2274682306.94036,5.29088010633583
2282502443.79276,5.28500275514764
2290322580.64515,5.28852438938624
2298142717.49755,5.25941927441703
2305962854.34994,5.2986306913271
2313782991.20234,5.25382862713767
2321603128.05473,5.30675205429514
2329423264.90713,5.38798898572938
2337243401.75952,5.52556901250649
2345063538.61192,5.75813663213659
2352883675.46431,5.95296639385396
2360703812.31671,6.06916302801994
2368523949.1691,6.07941839454237
2376344086.0215,6.00069714307152
2384164222.87389,5.84316260492705
2391984359.72629,5.67783072855315
2399804496.57868,5.66608179519718
2407624633.43108,5.83228650733393
2415444770.28347,6.0763533434456
2423264907.13587,6.43832051023309
2431085043.98826,6.79536806788571
2438905180.84066,7.033724445699
2446725317.69305,7.06103917638202
2454545454.54545,6.93916411156614
2462365591.39784,6.7480622956239
2470185728.25024,6.63613769213304
2478005865.10263,6.62936393537396
2485826001.95503,6.80146115805639
2493646138.80742,7.18912173955345
2501466275.65982,7.47464818455086
2509286412.51221,7.75956821782691
2517106549.36461,7.92477317966877
2524926686.217,8.02838165533695
2532746823.0694,8.08885601091575
2540566959.92179,8.1454819607646
2548387096.77419,8.18895998016293
2556207233.62658,8.40569968207101
2564027370.47898,8.55001213630226
2571847507.33137,8.73028074763945
2579667644.18377,8.81469282902468
2587487781.03616,8.96162056797564
2595307917.88856,9.10158452328833
2603128054.74095,9.28456242611523
2610948191.59335,9.66108357047658
2618768328.44574,10.0434541844903
2626588465.29814,10.531143625429
2634408602.15053,10.7978752547964
2642228739.00293,11.0056051668981
2650048875.85532,11.0403451248837
2657869012.70772,10.9668531843378
2665689149.56011,10.8282618113387
2673509286.41251,10.937112092099
2681329423.2649,11.4707722765235
2689149560.1173,11.9543622498504
2696969696.96969,12.8051467153559
2704789833.82209,13.4248852845381
2712609970.67448,13.7486991379397
2720430107.52688,13.907462846669
2728250244.37927,13.7882746500916
2736070381.23167,13.488096607665
2743890518.08406,13.2684097491623
2751710654.93646,13.5792574479476
2759530791.78885,14.0420932012623
2767350928.64125,14.4379603190115
2775171065.49364,15.1011738525016
2782991202.34604,15.9739767729451
2790811339.19843,16.4810103525642
2798631476.05083,16.664978309358
2806451612.90322,16.6232506773593
2814271749.75562,16.3982321291946
2822091886.60801,16.3714358526895
2829912023.46041,16.4343139292668
2837732160.3128,16.7901852909599
2845552297.1652,17.10184051934
2853372434.01759,17.644417089401
2861192570.86999,18.0568145156343
2869012707.72238,18.0010628479303
2876832844.57478,18.0300590848967
2884652981.42718,17.7512457993995
2892473118.27957,17.763647113711
2900293255.13197,17.6762895619782
2908113391.98436,17.3094188923178
2915933528.83676,16.8097613650597
2923753665.68915,16.6081240040175
2931573802.54155,16.7267484802367
2939393939.39394,16.7280826796651
2947214076.24634,16.6568986974669
2955034213.09873,16.5958087996753
2962854349.95113,16.3855849830528
2970674486.80352,16.1808269692766
2978494623.65592,16.0685170544524
2986314760.50831,15.8220882221309
2994134897.36071,15.6812427301228
3001955034.2131,15.4513835480868
3009775171.0655,15.2365824607803
3017595307.91789,15.0196679685678
3025415444.77029,14.9325423462079
3033235581.62268,14.8032186309584
3041055718.47508,14.4880485505066
3048875855.32747,14.4113358703513
3056695992.17987,14.5505884799675
3064516129.03226,14.4379029699869
3072336265.88466,14.1087718098064
3080156402.73705,13.8665695838698
3087976539.58945,13.8190729177715
3095796676.44184,13.5235912973299
3103616813.29424,13.325887026867
3111436950.14663,13.0805285354801
3119257086.99903,13.0343797387317
3127077223.85142,13.0990528657597
3134897360.70382,13.1817398501496
3142717497.55621,13.2626902411333
3150537634.40861,13.248592962358
3158357771.261,13.1122622283108
3166177908.1134,12.8927598642045
3173998044.96579,12.712370661253
3181818181.81819,12.3808911068576
3189638318.67058,12.1066813801608
3197458455.52298,12.1156071230181
3205278592.37537,12.2382833394466
3213098729.22777,12.4460573036349
3220918866.08016,12.5818123646428
3228739002.93256,12.6360273530107
3236559139.78495,12.5800310194105
3244379276.63735,12.3006476519159
3252199413.48974,11.9708056074509
3260019550.34214,11.5549379669346
3267839687.19453,11.4361448254745
3275659824.04693,11.507825123952
3283479960.89932,11.6298266524794
3291300097.75172,11.8228556245107
3299120234.60411,12.0814189303156
3306940371.45651,12.1422784471299
3314760508.3089,11.9849184337033
3322580645.1613,11.7657048104588
3330400782.01369,11.5488176528268
3338220918.86609,11.4445007294629
3346041055.71848,11.3170632080398
3353861192.57088,11.2957729348389
3361681329.42327,11.4104428891548
3369501466.27567,11.4582442181527
3377321603.12806,11.4222045012217
3385141739.98046,11.2480893853277
3392961876.83285,11.095591102772
3400782013.68525,11.0704655339723
3408602150.53764,11.1050324374674
3416422287.39004,11.1715980517585
3424242424.24243,11.3982318913917
3432062561.09483,11.4629192163835
3439882697.94722,11.3867249054739
3447702834.79962,11.294498552783
3455522971.65201,11.0486213567369
3463343108.50441,10.7360956076572
3471163245.3568,10.5674146101061
3478983382.2092,10.5940786346283
3486803519.06159,10.730858840928
3494623655.91399,10.8537415599968
3502443792.76638,10.9921152182449
3510263929.61878,10.941158285844
3518084066.47117,10.8089113562214
3525904203.32357,10.5684093383084
3533724340.17596,10.3061373556266
3541544477.02836,10.1158288957575
3549364613.88075,10.1195193063128
3557184750.73315,10.1719823879939
3565004887.58555,10.2969860561826
3572825024.43794,10.4033029343942
3580645161.29034,10.5504806067686
3588465298.14273,10.4901506098417
3596285434.99513,10.3067860442115
3604105571.84752,10.0292209753164
3611925708.69992,9.82170644440558
3619745845.55231,9.76137505764325
3627565982.40471,9.77109989989555
3635386119.2571,9.81613170543008
3643206256.1095,9.83708441900336
3651026392.96189,9.74578017086763
3658846529.81429,9.6657630222632
3666666666.66668,9.47820571928185
3674486803.51908,9.32038781411263
3682306940.37147,9.16640722640788
3690127077.22387,9.11408361937808
3697947214.07626,9.13313149116065
3705767350.92866,9.19426267642988
3713587487.78105,9.32693258386843
3721407624.63345,9.32918300740951
3729227761.48584,9.30399758669111
3737047898.33824,9.11644079721222
3744868035.19063,8.87421428698529
3752688172.04303,8.72142150195504
3760508308.89542,8.60253602924644
3768328445.74782,8.58430682920989
3776148582.60021,8.62469290173983
3783968719.45261,8.74443412045693
3791788856.305,8.79130030379163
3799608993.1574,8.63614469658149
3807429130.00979,8.43377342383061
3815249266.86219,8.25103991575931
3823069403.71458,8.04372935290536
3830889540.56698,7.97022802123038
3838709677.41937,7.95727847907588
3846529814.27177,8.05803111486037
3854349951.12416,8.25101747551908
3862170087.97656,8.370164986259
3869990224.82895,8.31049325274502
3877810361.68135,8.10700685910748
3885630498.53374,7.88591320640406
3893450635.38614,7.69784463916746
3901270772.23853,7.57405284391566
3909090909.09093,7.60470840289182
3916911045.94332,7.63808667489807
3924731182.79572,7.76645189535963
3932551319.64811,7.8689296178149
3940371456.50051,7.84021470064848
3948191593.3529,7.75278129415164
3956011730.2053,7.57190740611486
3963831867.05769,7.39042294844685
3971652003.91009,7.20507514909441
3979472140.76248,7.16323971444502
3987292277.61488,7.26750849325525
3995112414.46727,7.42879924243282
4002932551.31967,7.53596777184561
4010752688.17206,7.45347668563617
4018572825.02446,7.30259638484727
4026392961.87685,7.14186009889674
4034213098.72925,7.06631225385125
4042033235.58164,6.98272909575149
4049853372.43404,7.03226815056138
4057673509.28643,7.15753047138662
4065493646.13883,7.27020297396971
4073313782.99122,7.37966275204624
4081133919.84362,7.32482038010682
4088954056.69601,7.18580236666586
4096774193.54841,7.00195235285453
4104594330.4008,6.87274962687242
4112414467.2532,6.79796482214959
4120234604.10559,6.83826492039566
4128054740.95799,6.96969645879259
4135874877.81038,7.03289960600191
4143695014.66278,7.04168516442154
4151515151.51517,6.97895765751298
4159335288.36757,6.85758243916382
4167155425.21996,6.82215816479797
4174975562.07236,6.76750035002842
4182795698.92475,6.86801996629409
4190615835.77715,6.97488011540096
4198435972.62954,7.00121964017283
4206256109.48194,7.00683915513128
4214076246.33433,6.91671867778268
4221896383.18673,6.77188050774333
4229716520.03912,6.65913033635768
4237536656.89152,6.57759871110498
4245356793.74392,6.59228641240731
4253176930.59631,6.65900677794361
4260997067.44871,6.81486132902151
4268817204.3011,6.93586000018334
4276637341.1535,7.04832556613278
4284457478.00589,7.05143548260447
4292277614.85829,6.91201553413569
4300097751.71068,6.8033064730413
4307917888.56308,6.74233267328577
4315738025.41547,6.75573053179861
4323558162.26787,6.84973463485014
4331378299.12026,6.91465177423536
4339198435.97266,6.95997499150639
4347018572.82505,6.97804399655882
4354838709.67745,7.01875866890542
4362658846.52984,7.00873071563752
4370478983.38224,7.04494729514263
4378299120.23463,7.04091356759371
4386119257.08703,7.08673119721706
4393939393.93942,7.09914411049096
4401759530.79182,7.14981006314735
4409579667.64421,7.18291454680175
4417399804.49661,7.13586065272161
4425219941.349,7.13450517082563
4433040078.2014,7.17552639212314
4440860215.05379,7.18967538774303
4448680351.90619,7.22875707219074
4456500488.75858,7.30345380748117
4464320625.61098,7.37456618118932
4472140762.46337,7.43925436136577
4479960899.31577,7.47846744517796
4487781036.16816,7.52492763289595
4495601173.02056,7.56834507959574
4503421309.87295,7.65833926171665
4511241446.72535,7.71160548315859
4519061583.57774,7.73527765501999
4526881720.43014,7.79275116607478
4534701857.28253,7.78173800150778
4542521994.13493,7.71191507987083
4550342130.98732,7.79040379136948
4558162267.83972,7.90723675268723
4565982404.69211,8.0822986697688
4573802541.54451,8.41092451736944
4581622678.3969,8.77046618577351
4589442815.2493,9.0023154293113
4597262952.10169,9.04572585181046
4605083088.95409,8.92789116438264
4612903225.80648,8.86727972474934
4620723362.65888,8.89404361661414
4628543499.51127,9.14263545736795
4636363636.36367,9.59959149152608
4644183773.21606,10.3134316750106
4652003910.06846,11.0345796432425
4659824046.92085,11.6630211966454
4667644183.77325,12.292007976058
4675464320.62564,12.899661630693
4683284457.47804,13.6773438083733
4691104594.33043,14.9685983385482
4698924731.18283,17.1898076679709
4706744868.03522,20.7703055101681
4714565004.88762,25.8988186694176
4722385141.74001,24.0813763620413
4730205278.59241,18.7601180092393
4738025415.4448,15.1246924869134
4745845552.2972,12.7870524002876
4753665689.14959,11.1194139172648
4761485826.00199,9.98370192193619
4769305962.85438,9.27006190253913
4777126099.70678,8.82946668335886
4784946236.55917,8.62159773585838
4792766373.41157,8.61316057049966
4800586510.26396,8.59081358467602
4808406647.11636,8.42469824052264
4816226783.96875,8.33269398141022
4824046920.82115,8.20405291952511
4831867057.67354,8.08714500825679
4839687194.52594,8.06700842646695
4847507331.37833,8.11151290564046
4855327468.23073,8.22852929258934
4863147605.08312,8.35736009805574
4870967741.93552,8.48492514664872
4878787878.78791,8.62875963656652
4886608015.64031,8.75077943916433
4894428152.4927,8.92468966655373
4902248289.3451,9.05073152847004
4910068426.19749,9.13650116289679
4917888563.04989,9.24837174907633
4925708699.90228,9.32492380751158
4933528836.75468,9.36193473960552
4941348973.60707,9.4056945122359
4949169110.45947,9.49558513609568
4956989247.31186,9.66035071314605
4964809384.16426,9.86374147825859
4972629521.01665,10.0277478076001
4980449657.86905,10.129141032551
4988269794.72145,10.3147092049149
4996089931.57384,10.5650022723892
5003910068.42624,10.8418623231884
5011730205.27863,10.9901152484904
5019550342.13103,11.1568915918816
5027370478.98342,11.2701319114455
5035190615.83582,11.3259641771081
5043010752.68821,11.4675480530276
5050830889.54061,11.4336373203662
5058651026.393,11.4999354058925
5066471163.2454,11.6138655306248
5074291300.09779,11.9151530699985
5082111436.95019,12.2928112375668
5089931573.80258,12.7420482499982
5097751710.65498,13.3333270432077
5105571847.50737,13.7650923075329
5113391984.35977,13.8164022599352
5121212121.21216,13.7164839902528
5129032258.06456,13.5431748989805
5136852394.91695,13.6714711409072
5144672531.76935,13.8891469565086
5152492668.62174,14.2909379631509
5160312805.47414,14.7651752004667
5168132942.32653,15.19686848326
5175953079.17893,15.5833687942886
5183773216.03132,15.7708330989431
5191593352.88372,15.8664403428089
5199413489.73611,16.2450953548142
5207233626.58851,16.6793706548689
5215053763.4409,17.2225360613531
5222873900.2933,17.7806663007442
5230694037.14569,18.1863908860481
5238514173.99809,18.2665247856618
5246334310.85048,17.9732839181066
5254154447.70288,17.9932977822018
5261974584.55527,18.0521326576048
5269794721.40767,18.6179736483982
5277614858.26006,19.6422239835278
5285434995.11246,20.8626684026318
5293255131.96485,21.8201613715082
5301075268.81725,22.0388896719495
5308895405.66964,21.7447281534372
5316715542.52204,21.2454409973672
5324535679.37443,21.113384699615
5332355816.22683,21.6246308055865
5340175953.07922,22.5064766058582
5347996089.93162,23.8544538237703
5355816226.78401,24.7516977082235
5363636363.63641,24.2438317417231
5371456500.4888,23.3253369168828
5379276637.3412,22.5857916234921
5387096774.19359,22.6213473104722
5394916911.04599,23.1182939653759
5402737047.89838,24.1460507765427
5410557184.75078,24.5637190067645
5418377321.60317,24.0825248230105
5426197458.45557,22.851186262254
5434017595.30796,21.4611624152311
5441837732.16036,20.6904123943221
5449657869.01275,20.4982985134216
5457478005.86515,21.0581023162667
5465298142.71754,22.0564325797133
5473118279.56994,23.1306959190337
5480938416.42233,23.0542854088076
5488758553.27473,22.0265304195352
5496578690.12712,20.8165279593832
5504398826.97952,19.6226961838022
5512218963.83191,19.193387083871
5520039100.68431,19.6120130607728
5527859237.5367,19.894776419276
5535679374.3891,20.5431482994399
5543499511.24149,20.6023149272673
5551319648.09389,19.7628095353486
5559139784.94628,18.8599996083369
5566959921.79868,18.2103763718843
5574780058.65107,17.9346991039483
5582600195.50347,17.7655199385108
5590420332.35586,18.2184155820681
5598240469.20826,19.0408658408651
5606060606.06065,19.7438302509851
5613880742.91305,20.0667881130326
5621700879.76544,19.3128172293417
5629521016.61784,18.1238503205666
5637341153.47023,17.4855184515188
5645161290.32263,17.1503061376937
5652981427.17502,17.1396544375049
5660801564.02742,17.3838164369115
5668621700.87982,18.002453077199
5676441837.73221,18.4815364542462
5684261974.58461,18.8557008837632
5692082111.437,18.7013587532882
5699902248.2894,18.4302986915602
5707722385.14179,18.1054922514538
5715542521.99419,17.7406087989209
5723362658.84658,17.6103826348711
5731182795.69898,17.6945903531772
5739002932.55137,17.6519233840098
5746823069.40377,17.5016505207751
5754643206.25616,17.3070163196196
5762463343.10856,16.8799468228789
5770283479.96095,16.6927658864259
5778103616.81335,16.5065933677693
5785923753.66574,16.7473965662967
5793743890.51814,17.2790992373776
5801564027.37053,18.0966349175503
5809384164.22293,18.6404308401092
5817204301.07532,18.8868685078846
5825024437.92772,18.700324822765
5832844574.78011,18.0753440232272
5840664711.63251,17.539790212992
5848484848.4849,17.0718614063188
5856304985.3373,16.6947732184693
5864125122.18969,16.7310856740563
5871945259.04209,16.8920319121856
5879765395.89448,17.4149712268675
5887585532.74688,17.9740898994046
5895405669.59927,18.6448194872854
5903225806.45167,18.9054558311165
5911045943.30406,19.2109093812678
5918866080.15646,19.1120211935987
5926686217.00885,18.7476495777615
5934506353.86125,18.3099451694878
5942326490.71364,17.8992083345477
5950146627.56604,17.6280500194897
5957966764.41843,17.6556226562697
5965786901.27083,17.9062775246594
5973607038.12322,18.3067585594544
5981427174.97562,18.7858186739454
5989247311.82801,19.2510446799916
5997067448.68041,19.0966628673924
6004887585.5328,18.7727098211374
6012707722.3852,18.5755228660587
6020527859.23759,18.5004850724918
6028347996.08999,18.6507416587865
6036168132.94238,19.0547806442244
6043988269.79478,19.2228930737864
6051808406.64717,19.2901423301756
6059628543.49957,18.9797410213781
6067448680.35196,18.4249760109469
6075268817.20436,18.0065407764408
6083088954.05675,17.6906638280237
6090909090.90915,17.6318433536234
6098729227.76154,18.0836747483505
6106549364.61394,18.8804134946835
6114369501.46633,19.6845648622269
6122189638.31873,20.4193835812808
6130009775.17112,20.0940013821903
6137829912.02352,19.0574806771353
6145650048.87591,18.1111066116346
6153470185.72831,17.3980197043458
6161290322.5807,17.0987161788773
6169110459.4331,17.1186587946128
6176930596.28549,17.7155875518799
6184750733.13789,18.4736465529207
6192570869.99028,19.1880568399404
6200391006.84268,19.190369829843
6208211143.69507,18.4125125791868
6216031280.54747,17.526870233049
6223851417.39986,16.9694549401794
6231671554.25226,16.8802279191493
6239491691.10465,17.1954021545022
6247311827.95705,17.9503397026178
6255131964.80944,18.9678903529821
6262952101.66184,19.7827775355493
6270772238.51423,19.165709180557
6278592375.36663,17.8057721734852
6286412512.21902,16.4817041696582
6294232649.07142,15.6722686265896
6302052785.92381,15.327435654949
6309872922.77621,15.4882424057685
6317693059.6286,16.0361698381943
6325513196.481,17.0342302595625
6333333333.3334,18.0800346213182
6341153470.18579,18.1558428155295
6348973607.03819,17.4100029796131
6356793743.89058,16.3493380750539
6364613880.74298,15.4968638116551
6372434017.59537,15.2885704100643
6380254154.44777,15.4602416961496
6388074291.30016,16.1366042810707
6395894428.15256,16.8498154924694
6403714565.00495,17.3794346530921
6411534701.85735,16.8858216088773
6419354838.70974,15.9944203805959
6427174975.56214,15.0108993955188
6434995112.41453,14.37451392137
6442815249.26693,14.2277345833798
6450635386.11932,14.5567994712951
6458455522.97172,15.2687218456784
6466275659.82411,16.1032817669194
6474095796.67651,16.6509842876531
6481915933.5289,16.2624450491771
6489736070.3813,15.390765048075
6497556207.23369,14.4712452409077
6505376344.08609,13.7777304639916
6513196480.93848,13.6743467284169
6521016617.79088,14.0623879488871
6528836754.64327,14.7393960030555
6536656891.49567,15.5308417208913
6544477028.34806,15.8079884152376
6552297165.20046,15.3355950947227
6560117302.05285,14.5534110554675
6567937438.90525,13.8010785418402
6575757575.75764,13.3641232283997
6583577712.61004,13.3181214829136
6591397849.46243,13.7230498032369
6599217986.31483,14.3349014257464
6607038123.16722,15.0510167577406
6614858260.01962,15.203175622185
6622678396.87201,14.7857159965155
6630498533.72441,14.0687026875331
6638318670.5768,13.516301855903
6646138807.4292,13.1234245380235
6653958944.28159,13.2706735247974
6661779081.13399,13.6384982544163
6669599217.98638,14.2825066975152
6677419354.83878,14.9118919315346
6685239491.69117,15.0192982529645
6693059628.54357,14.6397963155576
6700879765.39596,14.1104565210676
6708699902.24836,13.6749796370892
6716520039.10075,13.5023921082736
6724340175.95315,13.7520477753714
6732160312.80554,14.1631555061457
6739980449.65794,14.5166999789876
6747800586.51033,14.9423998849435
6755620723.36273,14.9595926860004
6763440860.21512,14.6657787600593
6771260997.06752,14.3415416250973
6779081133.91991,14.1770965179434
6786901270.77231,14.2275489773256
6794721407.6247,14.5172570948899
6802541544.4771,15.0543097372136
6810361681.32949,15.5978389111265
6818181818.18189,15.8702372458325
6826001955.03428,15.7439249683413
6833822091.88668,15.32149039768
6841642228.73907,14.9689947435474
6849462365.59147,14.918029706896
6857282502.44386,14.8688830639073
6865102639.29626,15.3902924856829
6872922776.14865,15.9875575232715
6880742913.00105,16.368933916286
6888563049.85344,16.8550403897578
6896383186.70584,16.9415924909781
6904203323.55823,16.7800088580543
6912023460.41063,16.6415180053024
6919843597.26302,16.7564695189883
6927663734.11542,17.0604592797821
6935483870.96781,17.5630695916024
6943304007.82021,18.0003748511969
6951124144.6726,18.2259894917373
6958944281.525,18.480546613452
6966764418.37739,18.2991964235885
6974584555.22979,17.968476151103
6982404692.08218,17.8808663902559
6990224828.93458,18.0067276753549
6998044965.78697,18.2641581124359
7005865102.63937,18.4808185815089
7013685239.49177,18.7599722479138
7021505376.34416,18.7014814823078
7029325513.19656,18.4962518529651
7037145650.04895,18.1337522140878
7044965786.90135,17.6875909921171
7052785923.75374,17.2956208515561
7060606060.60614,17.0945518093568
7068426197.45853,17.0894746568988
7076246334.31093,17.1253154534719
7084066471.16332,16.826128975828
7091886608.01572,16.2098223837059
7099706744.86811,15.6122615562457
7107526881.72051,14.9016887064891
7115347018.5729,14.2331178669493
7123167155.4253,13.7559436736478
7130987292.27769,13.5232487283226
7138807429.13009,13.4993863546334
7146627565.98248,13.4939869722265
7154447702.83488,13.2984004594055
7162267839.68727,12.903666534307
7170087976.53967,12.3800397847851
7177908113.39206,11.8020641348823
7185728250.24446,11.3511104325164
7193548387.09685,11.0046781324074
7201368523.94925,10.7811613006399
7209188660.80164,10.6090816416311
7217008797.65404,10.4598866740343
7224828934.50643,10.1927039790821
7232649071.35883,9.87780556158954
7240469208.21122,9.47800068262097
7248289345.06362,9.17355093631518
7256109481.91601,8.92975432794253
7263929618.76841,8.80590876056266
7271749755.6208,8.77620871178584
7279569892.4732,8.75806750835748
7287390029.32559,8.68278734998704
7295210166.17799,8.4445926670654
7303030303.03038,8.16015223081797
7310850439.88278,7.85208946078468
7318670576.73517,7.55465823059433
7326490713.58757,7.35252985784397
7334310850.43996,7.28346105189776
7342130987.29236,7.25680307645525
7349951124.14475,7.24993067709915
7357771260.99715,7.13721211188588
7365591397.84954,6.90426378284004
7373411534.70194,6.68926036562975
7381231671.55433,6.54894375174294
7389051808.40673,6.42248523097329
7396871945.25912,6.36562689061868
7404692082.11152,6.37140241182047
7412512218.96391,6.36544368317288
7420332355.81631,6.29478072889135
7428152492.6687,6.16168207764153
7435972629.5211,5.89397124935341
7443792766.37349,5.73635327025352
7451612903.22589,5.67763019087747
7459433040.07828,5.66848286137053
7467253176.93068,5.67162329158436
7475073313.78307,5.69415841009981
7482893450.63547,5.67462898758537
7490713587.48786,5.58765140790581
7498533724.34026,5.49934120278762
7506353861.19265,5.38173966324538
7514173998.04505,5.3264772869353
7521994134.89744,5.30988922476809
7529814271.74984,5.2851838634915
7537634408.60223,5.30078497172804
7545454545.45463,5.24570957326442
7553274682.30702,5.19828540796516
7561094819.15942,5.14861705728686
7568914956.01181,5.01450767921468
7576735092.86421,4.97444672215437
7584555229.7166,5.02333932947676
7592375366.569,5.11271546658513
7600195503.42139,5.20134180621434
7608015640.27379,5.22307428262697
7615835777.12618,5.2360718132077
7623655913.97858,5.12666690102659
7631476050.83097,5.10137093156377
7639296187.68337,5.06597689751009
7647116324.53576,5.06740086000322
7654936461.38816,5.19718384564332
7662756598.24055,5.38945757016858
7670576735.09295,5.45441401653248
7678396871.94534,5.49529004502503
7686217008.79774,5.4312483598975
7694037145.65014,5.33585369754791
7701857282.50253,5.2868331821593
7709677419.35493,5.34698625341725
7717497556.20732,5.43997210898849
7725317693.05972,5.59814570730896
7733137829.91211,5.77562195177394
7740957966.76451,5.78565916682882
7748778103.6169,5.69225492494424
7756598240.4693,5.57144573435992
7764418377.32169,5.48419887393521
7772238514.17409,5.46558478361212
7780058651.02648,5.53468283892711
7787878787.87888,5.7469912068336
7795698924.73127,5.94681960848369
7803519061.58367,6.0861064310322
7811339198.43606,6.0216299324379
7819159335.28846,5.77232761344268
7826979472.14085,5.48549187031539
7834799608.99325,5.24074190035338
7842619745.84564,5.15962634432369
7850439882.69804,5.18686680628893
7858260019.55043,5.30965587561091
7866080156.40283,5.41516212330692
7873900293.25522,5.44253898921869
7881720430.10762,5.33020524554756
7889540566.96001,5.01358675393918
7897360703.81241,4.77843298086964
7905180840.6648,4.62785183247733
7913000977.5172,4.65758723694801
7920821114.36959,4.7679210585416
7928641251.22199,4.96742075824775
7936461388.07438,5.10032922853546
7944281524.92678,5.0534270204108
7952101661.77917,4.86303122159622
7959921798.63157,4.51808879452861
7967741935.48396,4.28570581210521
7975562072.33636,4.2358291841758
7983382209.18875,4.34000988620099
7991202346.04115,4.56452837251201
7999022482.89354,4.77255651758368
8006842619.74594,4.78957973539673
8014662756.59833,4.66389643083379
8022482893.45073,4.34739264017643
8030303030.30312,3.9939032573543
8038123167.15552,3.86033052031051
8045943304.00791,3.92752827973911
8053763440.86031,4.17951606115821
8061583577.7127,4.51518507476727
8069403714.5651,4.75702345902662
8077223851.41749,4.78360009244639
8085043988.26989,4.52767954845289
8092864125.12228,4.13415334785928
8100684261.97468,3.84773906546489
8108504398.82707,3.80067958248634
8116324535.67947,3.95401096647202
8124144672.53186,4.28613632518897
8131964809.38426,4.67235842597858
8139784946.23665,4.90072226795281
8147605083.08905,4.79609306718966
8155425219.94144,4.49760076049225
8163245356.79384,4.09202899799964
8171065493.64623,3.83307461043504
8178885630.49863,3.8852372063585
8186705767.35102,4.13580497219347
8194525904.20342,4.58835850141569
8202346041.05581,5.04105458105387
8210166177.90821,5.25357116991954
8217986314.7606,5.06312034069224
8225806451.613,4.71634307150781
8233626588.46539,4.36634814723355
8241446725.31779,4.23080325384465
8249266862.17018,4.36443015806263
8257086999.02258,4.77390823062759
8264907135.87497,5.34802455914975
8272727272.72737,5.80933029499517
8280547409.57976,5.91514486393259
8288367546.43216,5.61669590258158
8296187683.28455,5.11763040024454
8304007820.13695,4.71279309558309
8311827956.98934,4.58624368686396
8319648093.84174,4.81126646474891
8327468230.69413,5.34167942305033
8335288367.54653,6.0242080368036
8343108504.39892,6.49098511129787
8350928641.25132,6.54278353831337
8358748778.10371,6.07761390244634
8366568914.95611,5.40543977058071
8374389051.80851,5.03558767688824
8382209188.6609,4.91597389332631
8390029325.5133,5.21219099914767
8397849462.36569,5.86695203526214
8405669599.21809,6.68191093011213
8413489736.07048,7.18202161973595
8421309872.92288,7.11458383239257
8429130009.77527,6.50321209373699
8436950146.62767,5.72701075021025
8444770283.48006,5.20695472609806
8452590420.33246,5.02814973182457
8460410557.18485,5.29413837384742
8468230694.03725,5.8740278563402
8476050830.88964,6.53656634854235
8483870967.74204,6.93287223382662
8491691104.59443,6.73550802116336
8499511241.44683,6.02762441190617
8507331378.29922,5.32600203070083
8515151515.15162,4.85929688264403
8522971652.00401,4.70777830658829
8530791788.85641,4.9707428877983
8538611925.7088,5.4967131715745
8546432062.5612,6.0332718190425
8554252199.41359,6.40326048598451
8562072336.26599,6.16514341037706
8569892473.11838,5.50374670703637
8577712609.97078,4.89694050766715
8585532746.82317,4.4365141145829
8593352883.67557,4.29735478223802
8601173020.52796,4.51990216416106
8608993157.38035,4.95884476916829
8616813294.23275,5.33464486780291
8624633431.08514,5.45490731288856
8632453567.93754,5.15486722824864
8640273704.78993,4.66605222856964
8648093841.64232,4.09575527012971
8655913978.49472,3.82317916940812
8663734115.34711,3.77583617095856
8671554252.19951,4.02843410834909
8679374389.0519,4.42973083589543
8687194525.90429,4.77412192055524
8695014662.75669,4.81633030026803
8702834799.60908,4.50051238255147
8710654936.46148,3.96727720010712
8718475073.31387,3.57925180411229
8726295210.16627,3.32435029950205
8734115347.01866,3.30149379262178
8741935483.87105,3.47613757272283
8749755620.72345,3.70522124969586
8757575757.57584,3.86893836898521
8765395894.42824,3.88298175648571
8773216031.28063,3.71344950200028
8781036168.13302,3.34921178043184
8788856304.98542,3.10981972224934
8796676441.83781,3.06508862257351
8804496578.69021,3.15811864889052
8812316715.5426,3.31664373917321
8820136852.39499,3.44974903934198
8827956989.24739,3.42075051795765
8835777126.09978,3.32720408520271
8843597262.95218,3.14993465098589
8851417399.80457,2.91932447318722
8859237536.65697,2.79292382593754
8867057673.50936,2.80993157587684
8874877810.36175,2.90048854446154
8882697947.21415,3.01524379920852
8890518084.06654,3.09977938595523
8898338220.91894,3.01194240667618
8906158357.77133,2.95326723626453
8913978494.62372,2.8114961812463
8921798631.47612,2.67464969392842
8929618768.32851,2.63804087877927
8937438905.18091,2.68397650461281
8945259042.0333,2.74602044273238
8953079178.88569,2.82507207958208
8960899315.73809,2.73581607240706
8968719452.59048,2.67361409043408
8976539589.44288,2.59437690939654
8984359726.29527,2.57060232996971
8992179863.14767,2.5680793062953
9000000000.00006,2.65845035986184