Frequency,Elevation,Azimuth
3000000.0,0,87
3000000.0,0,88
3000000.0,0,89
3000000.0,0,90
3000000.0,0,91
3000000.0,2,87
3000000.0,2,88
3000000.0,2,89
3000000.0,2,90
3000000.0,2,91
3000000.0,4,87
3000000.0,4,88
3000000.0,4,89
3000000.0,4,90
3000000.0,4,91
3000000.0,6,87
3000000.0,6,88
3000000.0,6,89
3000000.0,6,90
3000000.0,6,91
3000000.0,8,87
3000000.0,8,88
3000000.0,8,89
3000000.0,8,90
3000000.0,8,91
3000000.0,10,87
3000000.0,10,88
3000000.0,10,89
3000000.0,10,90
3000000.0,10,91
3000000.0,12,87
3000000.0,12,88
3000000.0,12,89
3000000.0,12,90
3000000.0,12,91
3000000.0,14,87
3000000.0,14,88
3000000.0,14,89
3000000.0,14,90
3000000.0,14,91
3000000.0,16,87
3000000.0,16,88
3000000.0,16,89
3000000.0,16,90
3000000.0,16,91
3000000.0,18,87
3000000.0,18,88
3000000.0,18,89
3000000.0,18,90
3000000.0,18,91
3000000.0,20,87
3000000.0,20,88
3000000.0,20,89
3000000.0,20,90
3000000.0,20,91
3000000.0,22,87
3000000.0,22,88
3000000.0,22,89
3000000.0,22,90
3000000.0,22,91
3000000.0,24,87
3000000.0,24,88
3000000.0,24,89
3000000.0,24,90
3000000.0,24,91
3000000.0,26,87
3000000.0,26,88
3000000.0,26,89
3000000.0,26,90
3000000.0,26,91
3000000.0,28,87
3000000.0,28,88
3000000.0,28,89
3000000.0,28,90
3000000.0,28,91
3000000.0,30,87
3000000.0,30,88
3000000.0,30,89
3000000.0,30,90
3000000.0,30,91
3000000.0,32,87
3000000.0,32,88
3000000.0,32,89
3000000.0,32,90
3000000.0,32,91
3000000.0,34,87
3000000.0,34,88
3000000.0,34,89
3000000.0,34,90
3000000.0,34,91
3000000.0,36,87
3000000.0,36,88
3000000.0,36,89
3000000.0,36,90
3000000.0,36,91
3000000.0,38,87
3000000.0,38,88
3000000.0,38,89
3000000.0,38,90
3000000.0,38,91
3000000.0,40,87
3000000.0,40,88
3000000.0,40,89
3000000.0,40,90
3000000.0,40,91
4000000.0,0,87
4000000.0,0,88
4000000.0,0,89
4000000.0,0,90
4000000.0,0,91
4000000.0,2,87
4000000.0,2,88
4000000.0,2,89
4000000.0,2,90
4000000.0,2,91
4000000.0,4,87
4000000.0,4,88
4000000.0,4,89
4000000.0,4,90
4000000.0,4,91
4000000.0,6,87
4000000.0,6,88
4000000.0,6,89
4000000.0,6,90
4000000.0,6,91
4000000.0,8,87
4000000.0,8,88
4000000.0,8,89
4000000.0,8,90
4000000.0,8,91
4000000.0,10,87
4000000.0,10,88
4000000.0,10,89
4000000.0,10,90
4000000.0,10,91
4000000.0,12,87
4000000.0,12,88
4000000.0,12,89
4000000.0,12,90
4000000.0,12,91
4000000.0,14,87
4000000.0,14,88
4000000.0,14,89
4000000.0,14,90
4000000.0,14,91
4000000.0,16,87
4000000.0,16,88
4000000.0,16,89
4000000.0,16,90
4000000.0,16,91
4000000.0,18,87
4000000.0,18,88
4000000.0,18,89
4000000.0,18,90
4000000.0,18,91
4000000.0,20,87
4000000.0,20,88
4000000.0,20,89
4000000.0,20,90
4000000.0,20,91
4000000.0,22,87
4000000.0,22,88
4000000.0,22,89
4000000.0,22,90
4000000.0,22,91
4000000.0,24,87
4000000.0,24,88
4000000.0,24,89
4000000.0,24,90
4000000.0,24,91
4000000.0,26,87
4000000.0,26,88
4000000.0,26,89
4000000.0,26,90
4000000.0,26,91
4000000.0,28,87
4000000.0,28,88
4000000.0,28,89
4000000.0,28,90
4000000.0,28,91
4000000.0,30,87
4000000.0,30,88
4000000.0,30,89
4000000.0,30,90
4000000.0,30,91
4000000.0,32,87
4000000.0,32,88
4000000.0,32,89
4000000.0,32,90
4000000.0,32,91
4000000.0,34,87
4000000.0,34,88
4000000.0,34,89
4000000.0,34,90
4000000.0,34,91
4000000.0,36,87
4000000.0,36,88
4000000.0,36,89
4000000.0,36,90
4000000.0,36,91
4000000.0,38,87
4000000.0,38,88
4000000.0,38,89
4000000.0,38,90
4000000.0,38,91
4000000.0,40,87
4000000.0,40,88
4000000.0,40,89
4000000.0,40,90
4000000.0,40,91
5000000.0,0,87
5000000.0,0,88
5000000.0,0,89
5000000.0,0,90
5000000.0,0,91
5000000.0,2,87
5000000.0,2,88
5000000.0,2,89
5000000.0,2,90
5000000.0,2,91
5000000.0,4,87
5000000.0,4,88
5000000.0,4,89
5000000.0,4,90
5000000.0,4,91
5000000.0,6,87
5000000.0,6,88
5000000.0,6,89
5000000.0,6,90
5000000.0,6,91
5000000.0,8,87
5000000.0,8,88
5000000.0,8,89
5000000.0,8,90
5000000.0,8,91
5000000.0,10,87
5000000.0,10,88
5000000.0,10,89
5000000.0,10,90
5000000.0,10,91
5000000.0,12,87
5000000.0,12,88
5000000.0,12,89
5000000.0,12,90
5000000.0,12,91
5000000.0,14,87
5000000.0,14,88
5000000.0,14,89
5000000.0,14,90
5000000.0,14,91
5000000.0,16,87
5000000.0,16,88
5000000.0,16,89
5000000.0,16,90
5000000.0,16,91
5000000.0,18,87
5000000.0,18,88
5000000.0,18,89
5000000.0,18,90
5000000.0,18,91
5000000.0,20,87
5000000.0,20,88
5000000.0,20,89
5000000.0,20,90
5000000.0,20,91
5000000.0,22,87
5000000.0,22,88
5000000.0,22,89
5000000.0,22,90
5000000.0,22,91
5000000.0,24,87
5000000.0,24,88
5000000.0,24,89
5000000.0,24,90
5000000.0,24,91
5000000.0,26,87
5000000.0,26,88
5000000.0,26,89
5000000.0,26,90
5000000.0,26,91
5000000.0,28,87
5000000.0,28,88
5000000.0,28,89
5000000.0,28,90
5000000.0,28,91
5000000.0,30,87
5000000.0,30,88
5000000.0,30,89
5000000.0,30,90
5000000.0,30,91
5000000.0,32,87
5000000.0,32,88
5000000.0,32,89
5000000.0,32,90
5000000.0,32,91
5000000.0,34,87
5000000.0,34,88
5000000.0,34,89
5000000.0,34,90
5000000.0,34,91
5000000.0,36,87
5000000.0,36,88
5000000.0,36,89
5000000.0,36,90
5000000.0,36,91
5000000.0,38,87
5000000.0,38,88
5000000.0,38,89
5000000.0,38,90
5000000.0,38,91
5000000.0,40,87
5000000.0,40,88
5000000.0,40,89
5000000.0,40,90
5000000.0,40,91
6000000.0,0,87
6000000.0,0,88
6000000.0,0,89
6000000.0,0,90
6000000.0,0,91
6000000.0,2,87
6000000.0,2,88
6000000.0,2,89
6000000.0,2,90
6000000.0,2,91
6000000.0,4,87
6000000.0,4,88
6000000.0,4,89
6000000.0,4,90
6000000.0,4,91
6000000.0,6,87
6000000.0,6,88
6000000.0,6,89
6000000.0,6,90
6000000.0,6,91
6000000.0,8,87
6000000.0,8,88
6000000.0,8,89
6000000.0,8,90
6000000.0,8,91
6000000.0,10,87
6000000.0,10,88
6000000.0,10,89
6000000.0,10,90
6000000.0,10,91
6000000.0,12,87
6000000.0,12,88
6000000.0,12,89
6000000.0,12,90
6000000.0,12,91
6000000.0,14,87
6000000.0,14,88
6000000.0,14,89
6000000.0,14,90
6000000.0,14,91
6000000.0,16,87
6000000.0,16,88
6000000.0,16,89
6000000.0,16,90
6000000.0,16,91
6000000.0,18,87
6000000.0,18,88
6000000.0,18,89
6000000.0,18,90
6000000.0,18,91
6000000.0,20,87
6000000.0,20,88
6000000.0,20,89
6000000.0,20,90
6000000.0,20,91
6000000.0,22,87
6000000.0,22,88
6000000.0,22,89
6000000.0,22,90
6000000.0,22,91
6000000.0,24,87
6000000.0,24,88
6000000.0,24,89
6000000.0,24,90
6000000.0,24,91
6000000.0,26,87
6000000.0,26,88
6000000.0,26,89
6000000.0,26,90
6000000.0,26,91
6000000.0,28,87
6000000.0,28,88
6000000.0,28,89
6000000.0,28,90
6000000.0,28,91
6000000.0,30,87
6000000.0,30,88
6000000.0,30,89
6000000.0,30,90
6000000.0,30,91
6000000.0,32,87
6000000.0,32,88
6000000.0,32,89
6000000.0,32,90
6000000.0,32,91
6000000.0,34,87
6000000.0,34,88
6000000.0,34,89
6000000.0,34,90
6000000.0,34,91
6000000.0,36,87
6000000.0,36,88
6000000.0,36,89
6000000.0,36,90
6000000.0,36,91
6000000.0,38,87
6000000.0,38,88
6000000.0,38,89
6000000.0,38,90
6000000.0,38,91
6000000.0,40,87
6000000.0,40,88
6000000.0,40,89
6000000.0,40,90
6000000.0,40,91
7000000.0,0,87
7000000.0,0,88
7000000.0,0,89
7000000.0,0,90
7000000.0,0,91
7000000.0,2,87
7000000.0,2,88
7000000.0,2,89
7000000.0,2,90
7000000.0,2,91
7000000.0,4,87
7000000.0,4,88
7000000.0,4,89
7000000.0,4,90
7000000.0,4,91
7000000.0,6,87
7000000.0,6,88
7000000.0,6,89
7000000.0,6,90
7000000.0,6,91
7000000.0,8,87
7000000.0,8,88
7000000.0,8,89
7000000.0,8,90
7000000.0,8,91
7000000.0,10,87
7000000.0,10,88
7000000.0,10,89
7000000.0,10,90
7000000.0,10,91
7000000.0,12,87
7000000.0,12,88
7000000.0,12,89
7000000.0,12,90
7000000.0,12,91
7000000.0,14,87
7000000.0,14,88
7000000.0,14,89
7000000.0,14,90
7000000.0,14,91
7000000.0,16,87
7000000.0,16,88
7000000.0,16,89
7000000.0,16,90
7000000.0,16,91
7000000.0,18,87
7000000.0,18,88
7000000.0,18,89
7000000.0,18,90
7000000.0,18,91
7000000.0,20,87
7000000.0,20,88
7000000.0,20,89
7000000.0,20,90
7000000.0,20,91
7000000.0,22,87
7000000.0,22,88
7000000.0,22,89
7000000.0,22,90
7000000.0,22,91
7000000.0,24,87
7000000.0,24,88
7000000.0,24,89
7000000.0,24,90
7000000.0,24,91
7000000.0,26,87
7000000.0,26,88
7000000.0,26,89
7000000.0,26,90
7000000.0,26,91
7000000.0,28,87
7000000.0,28,88
7000000.0,28,89
7000000.0,28,90
7000000.0,28,91
7000000.0,30,87
7000000.0,30,88
7000000.0,30,89
7000000.0,30,90
7000000.0,30,91
7000000.0,32,87
7000000.0,32,88
7000000.0,32,89
7000000.0,32,90
7000000.0,32,91
7000000.0,34,87
7000000.0,34,88
7000000.0,34,89
7000000.0,34,90
7000000.0,34,91
7000000.0,36,87
7000000.0,36,88
7000000.0,36,89
7000000.0,36,90
7000000.0,36,91
7000000.0,38,87
7000000.0,38,88
7000000.0,38,89
7000000.0,38,90
7000000.0,38,91
7000000.0,40,87
7000000.0,40,88
7000000.0,40,89
7000000.0,40,90
7000000.0,40,91
8000000.0,0,87
8000000.0,0,88
8000000.0,0,89
8000000.0,0,90
8000000.0,0,91
8000000.0,2,87
8000000.0,2,88
8000000.0,2,89
8000000.0,2,90
8000000.0,2,91
8000000.0,4,87
8000000.0,4,88
8000000.0,4,89
8000000.0,4,90
8000000.0,4,91
8000000.0,6,87
8000000.0,6,88
8000000.0,6,89
8000000.0,6,90
8000000.0,6,91
8000000.0,8,87
8000000.0,8,88
8000000.0,8,89
8000000.0,8,90
8000000.0,8,91
8000000.0,10,87
8000000.0,10,88
8000000.0,10,89
8000000.0,10,90
8000000.0,10,91
8000000.0,12,87
8000000.0,12,88
8000000.0,12,89
8000000.0,12,90
8000000.0,12,91
8000000.0,14,87
8000000.0,14,88
8000000.0,14,89
8000000.0,14,90
8000000.0,14,91
8000000.0,16,87
8000000.0,16,88
8000000.0,16,89
8000000.0,16,90
8000000.0,16,91
8000000.0,18,87
8000000.0,18,88
8000000.0,18,89
8000000.0,18,90
8000000.0,18,91
8000000.0,20,87
8000000.0,20,88
8000000.0,20,89
8000000.0,20,90
8000000.0,20,91
8000000.0,22,87
8000000.0,22,88
8000000.0,22,89
8000000.0,22,90
8000000.0,22,91
8000000.0,24,87
8000000.0,24,88
8000000.0,24,89
8000000.0,24,90
8000000.0,24,91
8000000.0,26,87
8000000.0,26,88
8000000.0,26,89
8000000.0,26,90
8000000.0,26,91
8000000.0,28,87
8000000.0,28,88
8000000.0,28,89
8000000.0,28,90
8000000.0,28,91
8000000.0,30,87
8000000.0,30,88
8000000.0,30,89
8000000.0,30,90
8000000.0,30,91
8000000.0,32,87
8000000.0,32,88
8000000.0,32,89
8000000.0,32,90
8000000.0,32,91
8000000.0,34,87
8000000.0,34,88
8000000.0,34,89
8000000.0,34,90
8000000.0,34,91
8000000.0,36,87
8000000.0,36,88
8000000.0,36,89
8000000.0,36,90
8000000.0,36,91
8000000.0,38,87
8000000.0,38,88
8000000.0,38,89
8000000.0,38,90
8000000.0,38,91
8000000.0,40,87
8000000.0,40,88
8000000.0,40,89
8000000.0,40,90
8000000.0,40,91
9000000.0,0,87
9000000.0,0,88
9000000.0,0,89
9000000.0,0,90
9000000.0,0,91
9000000.0,2,87
9000000.0,2,88
9000000.0,2,89
9000000.0,2,90
9000000.0,2,91
9000000.0,4,87
9000000.0,4,88
9000000.0,4,89
9000000.0,4,90
9000000.0,4,91
9000000.0,6,87
9000000.0,6,88
9000000.0,6,89
9000000.0,6,90
9000000.0,6,91
9000000.0,8,87
9000000.0,8,88
9000000.0,8,89
9000000.0,8,90
9000000.0,8,91
9000000.0,10,87
9000000.0,10,88
9000000.0,10,89
9000000.0,10,90
9000000.0,10,91
9000000.0,12,87
9000000.0,12,88
9000000.0,12,89
9000000.0,12,90
9000000.0,12,91
9000000.0,14,87
9000000.0,14,88
9000000.0,14,89
9000000.0,14,90
9000000.0,14,91
9000000.0,16,87
9000000.0,16,88
9000000.0,16,89
9000000.0,16,90
9000000.0,16,91
9000000.0,18,87
9000000.0,18,88
9000000.0,18,89
9000000.0,18,90
9000000.0,18,91
9000000.0,20,87
9000000.0,20,88
9000000.0,20,89
9000000.0,20,90
9000000.0,20,91
9000000.0,22,87
9000000.0,22,88
9000000.0,22,89
9000000.0,22,90
9000000.0,22,91
9000000.0,24,87
9000000.0,24,88
9000000.0,24,89
9000000.0,24,90
9000000.0,24,91
9000000.0,26,87
9000000.0,26,88
9000000.0,26,89
9000000.0,26,90
9000000.0,26,91
9000000.0,28,87
9000000.0,28,88
9000000.0,28,89
9000000.0,28,90
9000000.0,28,91
9000000.0,30,87
9000000.0,30,88
9000000.0,30,89
9000000.0,30,90
9000000.0,30,91
9000000.0,32,87
9000000.0,32,88
9000000.0,32,89
9000000.0,32,90
9000000.0,32,91
9000000.0,34,87
9000000.0,34,88
9000000.0,34,89
9000000.0,34,90
9000000.0,34,91
9000000.0,36,87
9000000.0,36,88
9000000.0,36,89
9000000.0,36,90
9000000.0,36,91
9000000.0,38,87
9000000.0,38,88
9000000.0,38,89
9000000.0,38,90
9000000.0,38,91
9000000.0,40,87
9000000.0,40,88
9000000.0,40,89
9000000.0,40,90
9000000.0,40,91
10000000.0,0,87
10000000.0,0,88
10000000.0,0,89
10000000.0,0,90
10000000.0,0,91
10000000.0,2,87
10000000.0,2,88
10000000.0,2,89
10000000.0,2,90
10000000.0,2,91
10000000.0,4,87
10000000.0,4,88
10000000.0,4,89
10000000.0,4,90
10000000.0,4,91
10000000.0,6,87
10000000.0,6,88
10000000.0,6,89
10000000.0,6,90
10000000.0,6,91
10000000.0,8,87
10000000.0,8,88
10000000.0,8,89
10000000.0,8,90
10000000.0,8,91
10000000.0,10,87
10000000.0,10,88
10000000.0,10,89
10000000.0,10,90
10000000.0,10,91
10000000.0,12,87
10000000.0,12,88
10000000.0,12,89
10000000.0,12,90
10000000.0,12,91
10000000.0,14,87
10000000.0,14,88
10000000.0,14,89
10000000.0,14,90
10000000.0,14,91
10000000.0,16,87
10000000.0,16,88
10000000.0,16,89
10000000.0,16,90
10000000.0,16,91
10000000.0,18,87
10000000.0,18,88
10000000.0,18,89
10000000.0,18,90
10000000.0,18,91
10000000.0,20,87
10000000.0,20,88
10000000.0,20,89
10000000.0,20,90
10000000.0,20,91
10000000.0,22,87
10000000.0,22,88
10000000.0,22,89
10000000.0,22,90
10000000.0,22,91
10000000.0,24,87
10000000.0,24,88
10000000.0,24,89
10000000.0,24,90
10000000.0,24,91
10000000.0,26,87
10000000.0,26,88
10000000.0,26,89
10000000.0,26,90
10000000.0,26,91
10000000.0,28,87
10000000.0,28,88
10000000.0,28,89
10000000.0,28,90
10000000.0,28,91
10000000.0,30,87
10000000.0,30,88
10000000.0,30,89
10000000.0,30,90
10000000.0,30,91
10000000.0,32,87
10000000.0,32,88
10000000.0,32,89
10000000.0,32,90
10000000.0,32,91
10000000.0,34,87
10000000.0,34,88
10000000.0,34,89
10000000.0,34,90
10000000.0,34,91
10000000.0,36,87
10000000.0,36,88
10000000.0,36,89
10000000.0,36,90
10000000.0,36,91
10000000.0,38,87
10000000.0,38,88
10000000.0,38,89
10000000.0,38,90
10000000.0,38,91
10000000.0,40,87
10000000.0,40,88
10000000.0,40,89
10000000.0,40,90
10000000.0,40,91
11000000.0,0,87
11000000.0,0,88
11000000.0,0,89
11000000.0,0,90
11000000.0,0,91
11000000.0,2,87
11000000.0,2,88
11000000.0,2,89
11000000.0,2,90
11000000.0,2,91
11000000.0,4,87
11000000.0,4,88
11000000.0,4,89
11000000.0,4,90
11000000.0,4,91
11000000.0,6,87
11000000.0,6,88
11000000.0,6,89
11000000.0,6,90
11000000.0,6,91
11000000.0,8,87
11000000.0,8,88
11000000.0,8,89
11000000.0,8,90
11000000.0,8,91
11000000.0,10,87
11000000.0,10,88
11000000.0,10,89
11000000.0,10,90
11000000.0,10,91
11000000.0,12,87
11000000.0,12,88
11000000.0,12,89
11000000.0,12,90
11000000.0,12,91
11000000.0,14,87
11000000.0,14,88
11000000.0,14,89
11000000.0,14,90
11000000.0,14,91
11000000.0,16,87
11000000.0,16,88
11000000.0,16,89
11000000.0,16,90
11000000.0,16,91
11000000.0,18,87
11000000.0,18,88
11000000.0,18,89
11000000.0,18,90
11000000.0,18,91
11000000.0,20,87
11000000.0,20,88
11000000.0,20,89
11000000.0,20,90
11000000.0,20,91
11000000.0,22,87
11000000.0,22,88
11000000.0,22,89
11000000.0,22,90
11000000.0,22,91
11000000.0,24,87
11000000.0,24,88
11000000.0,24,89
11000000.0,24,90
11000000.0,24,91
11000000.0,26,87
11000000.0,26,88
11000000.0,26,89
11000000.0,26,90
11000000.0,26,91
11000000.0,28,87
11000000.0,28,88
11000000.0,28,89
11000000.0,28,90
11000000.0,28,91
11000000.0,30,87
11000000.0,30,88
11000000.0,30,89
11000000.0,30,90
11000000.0,30,91
11000000.0,32,87
11000000.0,32,88
11000000.0,32,89
11000000.0,32,90
11000000.0,32,91
11000000.0,34,87
11000000.0,34,88
11000000.0,34,89
11000000.0,34,90
11000000.0,34,91
11000000.0,36,87
11000000.0,36,88
11000000.0,36,89
11000000.0,36,90
11000000.0,36,91
11000000.0,38,87
11000000.0,38,88
11000000.0,38,89
11000000.0,38,90
11000000.0,38,91
11000000.0,40,87
11000000.0,40,88
11000000.0,40,89
11000000.0,40,90
11000000.0,40,91
12000000.0,0,87
12000000.0,0,88
12000000.0,0,89
12000000.0,0,90
12000000.0,0,91
12000000.0,2,87
12000000.0,2,88
12000000.0,2,89
12000000.0,2,90
12000000.0,2,91
12000000.0,4,87
12000000.0,4,88
12000000.0,4,89
12000000.0,4,90
12000000.0,4,91
12000000.0,6,87
12000000.0,6,88
12000000.0,6,89
12000000.0,6,90
12000000.0,6,91
12000000.0,8,87
12000000.0,8,88
12000000.0,8,89
12000000.0,8,90
12000000.0,8,91
12000000.0,10,87
12000000.0,10,88
12000000.0,10,89
12000000.0,10,90
12000000.0,10,91
12000000.0,12,87
12000000.0,12,88
12000000.0,12,89
12000000.0,12,90
12000000.0,12,91
12000000.0,14,87
12000000.0,14,88
12000000.0,14,89
12000000.0,14,90
12000000.0,14,91
12000000.0,16,87
12000000.0,16,88
12000000.0,16,89
12000000.0,16,90
12000000.0,16,91
12000000.0,18,87
12000000.0,18,88
12000000.0,18,89
12000000.0,18,90
12000000.0,18,91
12000000.0,20,87
12000000.0,20,88
12000000.0,20,89
12000000.0,20,90
12000000.0,20,91
12000000.0,22,87
12000000.0,22,88
12000000.0,22,89
12000000.0,22,90
12000000.0,22,91
12000000.0,24,87
12000000.0,24,88
12000000.0,24,89
12000000.0,24,90
12000000.0,24,91
12000000.0,26,87
12000000.0,26,88
12000000.0,26,89
12000000.0,26,90
12000000.0,26,91
12000000.0,28,87
12000000.0,28,88
12000000.0,28,89
12000000.0,28,90
12000000.0,28,91
12000000.0,30,87
12000000.0,30,88
12000000.0,30,89
12000000.0,30,90
12000000.0,30,91
12000000.0,32,87
12000000.0,32,88
12000000.0,32,89
12000000.0,32,90
12000000.0,32,91
12000000.0,34,87
12000000.0,34,88
12000000.0,34,89
12000000.0,34,90
12000000.0,34,91
12000000.0,36,87
12000000.0,36,88
12000000.0,36,89
12000000.0,36,90
12000000.0,36,91
12000000.0,38,87
12000000.0,38,88
12000000.0,38,89
12000000.0,38,90
12000000.0,38,91
12000000.0,40,87
12000000.0,40,88
12000000.0,40,89
12000000.0,40,90
12000000.0,40,91
13000000.0,0,87
13000000.0,0,88
13000000.0,0,89
13000000.0,0,90
13000000.0,0,91
13000000.0,2,87
13000000.0,2,88
13000000.0,2,89
13000000.0,2,90
13000000.0,2,91
13000000.0,4,87
13000000.0,4,88
13000000.0,4,89
13000000.0,4,90
13000000.0,4,91
13000000.0,6,87
13000000.0,6,88
13000000.0,6,89
13000000.0,6,90
13000000.0,6,91
13000000.0,8,87
13000000.0,8,88
13000000.0,8,89
13000000.0,8,90
13000000.0,8,91
13000000.0,10,87
13000000.0,10,88
13000000.0,10,89
13000000.0,10,90
13000000.0,10,91
13000000.0,12,87
13000000.0,12,88
13000000.0,12,89
13000000.0,12,90
13000000.0,12,91
13000000.0,14,87
13000000.0,14,88
13000000.0,14,89
13000000.0,14,90
13000000.0,14,91
13000000.0,16,87
13000000.0,16,88
13000000.0,16,89
13000000.0,16,90
13000000.0,16,91
13000000.0,18,87
13000000.0,18,88
13000000.0,18,89
13000000.0,18,90
13000000.0,18,91
13000000.0,20,87
13000000.0,20,88
13000000.0,20,89
13000000.0,20,90
13000000.0,20,91
13000000.0,22,87
13000000.0,22,88
13000000.0,22,89
13000000.0,22,90
13000000.0,22,91
13000000.0,24,87
13000000.0,24,88
13000000.0,24,89
13000000.0,24,90
13000000.0,24,91
13000000.0,26,87
13000000.0,26,88
13000000.0,26,89
13000000.0,26,90
13000000.0,26,91
13000000.0,28,87
13000000.0,28,88
13000000.0,28,89
13000000.0,28,90
13000000.0,28,91
13000000.0,30,87
13000000.0,30,88
13000000.0,30,89
13000000.0,30,90
13000000.0,30,91
13000000.0,32,87
13000000.0,32,88
13000000.0,32,89
13000000.0,32,90
13000000.0,32,91
13000000.0,34,87
13000000.0,34,88
13000000.0,34,89
13000000.0,34,90
13000000.0,34,91
13000000.0,36,87
13000000.0,36,88
13000000.0,36,89
13000000.0,36,90
13000000.0,36,91
13000000.0,38,87
13000000.0,38,88
13000000.0,38,89
13000000.0,38,90
13000000.0,38,91
13000000.0,40,87
13000000.0,40,88
13000000.0,40,89
13000000.0,40,90
13000000.0,40,91
14000000.0,0,87
14000000.0,0,88
14000000.0,0,89
14000000.0,0,90
14000000.0,0,91
14000000.0,2,87
14000000.0,2,88
14000000.0,2,89
14000000.0,2,90
14000000.0,2,91
14000000.0,4,87
14000000.0,4,88
14000000.0,4,89
14000000.0,4,90
14000000.0,4,91
14000000.0,6,87
14000000.0,6,88
14000000.0,6,89
14000000.0,6,90
14000000.0,6,91
14000000.0,8,87
14000000.0,8,88
14000000.0,8,89
14000000.0,8,90
14000000.0,8,91
14000000.0,10,87
14000000.0,10,88
14000000.0,10,89
14000000.0,10,90
14000000.0,10,91
14000000.0,12,87
14000000.0,12,88
14000000.0,12,89
14000000.0,12,90
14000000.0,12,91
14000000.0,14,87
14000000.0,14,88
14000000.0,14,89
14000000.0,14,90
14000000.0,14,91
14000000.0,16,87
14000000.0,16,88
14000000.0,16,89
14000000.0,16,90
14000000.0,16,91
14000000.0,18,87
14000000.0,18,88
14000000.0,18,89
14000000.0,18,90
14000000.0,18,91
14000000.0,20,87
14000000.0,20,88
14000000.0,20,89
14000000.0,20,90
14000000.0,20,91
14000000.0,22,87
14000000.0,22,88
14000000.0,22,89
14000000.0,22,90
14000000.0,22,91
14000000.0,24,87
14000000.0,24,88
14000000.0,24,89
14000000.0,24,90
14000000.0,24,91
14000000.0,26,87
14000000.0,26,88
14000000.0,26,89
14000000.0,26,90
14000000.0,26,91
14000000.0,28,87
14000000.0,28,88
14000000.0,28,89
14000000.0,28,90
14000000.0,28,91
14000000.0,30,87
14000000.0,30,88
14000000.0,30,89
14000000.0,30,90
14000000.0,30,91
14000000.0,32,87
14000000.0,32,88
14000000.0,32,89
14000000.0,32,90
14000000.0,32,91
14000000.0,34,87
14000000.0,34,88
14000000.0,34,89
14000000.0,34,90
14000000.0,34,91
14000000.0,36,87
14000000.0,36,88
14000000.0,36,89
14000000.0,36,90
14000000.0,36,91
14000000.0,38,87
14000000.0,38,88
14000000.0,38,89
14000000.0,38,90
14000000.0,38,91
14000000.0,40,87
14000000.0,40,88
14000000.0,40,89
14000000.0,40,90
14000000.0,40,91
15000000.0,0,87
15000000.0,0,88
15000000.0,0,89
15000000.0,0,90
15000000.0,0,91
15000000.0,2,87
15000000.0,2,88
15000000.0,2,89
15000000.0,2,90
15000000.0,2,91
15000000.0,4,87
15000000.0,4,88
15000000.0,4,89
15000000.0,4,90
15000000.0,4,91
15000000.0,6,87
15000000.0,6,88
15000000.0,6,89
15000000.0,6,90
15000000.0,6,91
15000000.0,8,87
15000000.0,8,88
15000000.0,8,89
15000000.0,8,90
15000000.0,8,91
15000000.0,10,87
15000000.0,10,88
15000000.0,10,89
15000000.0,10,90
15000000.0,10,91
15000000.0,12,87
15000000.0,12,88
15000000.0,12,89
15000000.0,12,90
15000000.0,12,91
15000000.0,14,87
15000000.0,14,88
15000000.0,14,89
15000000.0,14,90
15000000.0,14,91
15000000.0,16,87
15000000.0,16,88
15000000.0,16,89
15000000.0,16,90
15000000.0,16,91
15000000.0,18,87
15000000.0,18,88
15000000.0,18,89
15000000.0,18,90
15000000.0,18,91
15000000.0,20,87
15000000.0,20,88
15000000.0,20,89
15000000.0,20,90
15000000.0,20,91
15000000.0,22,87
15000000.0,22,88
15000000.0,22,89
15000000.0,22,90
15000000.0,22,91
15000000.0,24,87
15000000.0,24,88
15000000.0,24,89
15000000.0,24,90
15000000.0,24,91
15000000.0,26,87
15000000.0,26,88
15000000.0,26,89
15000000.0,26,90
15000000.0,26,91
15000000.0,28,87
15000000.0,28,88
15000000.0,28,89
15000000.0,28,90
15000000.0,28,91
15000000.0,30,87
15000000.0,30,88
15000000.0,30,89
15000000.0,30,90
15000000.0,30,91
15000000.0,32,87
15000000.0,32,88
15000000.0,32,89
15000000.0,32,90
15000000.0,32,91
15000000.0,34,87
15000000.0,34,88
15000000.0,34,89
15000000.0,34,90
15000000.0,34,91
15000000.0,36,87
15000000.0,36,88
15000000.0,36,89
15000000.0,36,90
15000000.0,36,91
15000000.0,38,87
15000000.0,38,88
15000000.0,38,89
15000000.0,38,90
15000000.0,38,91
15000000.0,40,87
15000000.0,40,88
15000000.0,40,89
15000000.0,40,90
15000000.0,40,91
16000000.0,0,87
16000000.0,0,88
16000000.0,0,89
16000000.0,0,90
16000000.0,0,91
16000000.0,2,87
16000000.0,2,88
16000000.0,2,89
16000000.0,2,90
16000000.0,2,91
16000000.0,4,87
16000000.0,4,88
16000000.0,4,89
16000000.0,4,90
16000000.0,4,91
16000000.0,6,87
16000000.0,6,88
16000000.0,6,89
16000000.0,6,90
16000000.0,6,91
16000000.0,8,87
16000000.0,8,88
16000000.0,8,89
16000000.0,8,90
16000000.0,8,91
16000000.0,10,87
16000000.0,10,88
16000000.0,10,89
16000000.0,10,90
16000000.0,10,91
16000000.0,12,87
16000000.0,12,88
16000000.0,12,89
16000000.0,12,90
16000000.0,12,91
16000000.0,14,87
16000000.0,14,88
16000000.0,14,89
16000000.0,14,90
16000000.0,14,91
16000000.0,16,87
16000000.0,16,88
16000000.0,16,89
16000000.0,16,90
16000000.0,16,91
16000000.0,18,87
16000000.0,18,88
16000000.0,18,89
16000000.0,18,90
16000000.0,18,91
16000000.0,20,87
16000000.0,20,88
16000000.0,20,89
16000000.0,20,90
16000000.0,20,91
16000000.0,22,87
16000000.0,22,88
16000000.0,22,89
16000000.0,22,90
16000000.0,22,91
16000000.0,24,87
16000000.0,24,88
16000000.0,24,89
16000000.0,24,90
16000000.0,24,91
16000000.0,26,87
16000000.0,26,88
16000000.0,26,89
16000000.0,26,90
16000000.0,26,91
16000000.0,28,87
16000000.0,28,88
16000000.0,28,89
16000000.0,28,90
16000000.0,28,91
16000000.0,30,87
16000000.0,30,88
16000000.0,30,89
16000000.0,30,90
16000000.0,30,91
16000000.0,32,87
16000000.0,32,88
16000000.0,32,89
16000000.0,32,90
16000000.0,32,91
16000000.0,34,87
16000000.0,34,88
16000000.0,34,89
16000000.0,34,90
16000000.0,34,91
16000000.0,36,87
16000000.0,36,88
16000000.0,36,89
16000000.0,36,90
16000000.0,36,91
16000000.0,38,87
16000000.0,38,88
16000000.0,38,89
16000000.0,38,90
16000000.0,38,91
16000000.0,40,87
16000000.0,40,88
16000000.0,40,89
16000000.0,40,90
16000000.0,40,91
17000000.0,0,87
17000000.0,0,88
17000000.0,0,89
17000000.0,0,90
17000000.0,0,91
17000000.0,2,87
17000000.0,2,88
17000000.0,2,89
17000000.0,2,90
17000000.0,2,91
17000000.0,4,87
17000000.0,4,88
17000000.0,4,89
17000000.0,4,90
17000000.0,4,91
17000000.0,6,87
17000000.0,6,88
17000000.0,6,89
17000000.0,6,90
17000000.0,6,91
17000000.0,8,87
17000000.0,8,88
17000000.0,8,89
17000000.0,8,90
17000000.0,8,91
17000000.0,10,87
17000000.0,10,88
17000000.0,10,89
17000000.0,10,90
17000000.0,10,91
17000000.0,12,87
17000000.0,12,88
17000000.0,12,89
17000000.0,12,90
17000000.0,12,91
17000000.0,14,87
17000000.0,14,88
17000000.0,14,89
17000000.0,14,90
17000000.0,14,91
17000000.0,16,87
17000000.0,16,88
17000000.0,16,89
17000000.0,16,90
17000000.0,16,91
17000000.0,18,87
17000000.0,18,88
17000000.0,18,89
17000000.0,18,90
17000000.0,18,91
17000000.0,20,87
17000000.0,20,88
17000000.0,20,89
17000000.0,20,90
17000000.0,20,91
17000000.0,22,87
17000000.0,22,88
17000000.0,22,89
17000000.0,22,90
17000000.0,22,91
17000000.0,24,87
17000000.0,24,88
17000000.0,24,89
17000000.0,24,90
17000000.0,24,91
17000000.0,26,87
17000000.0,26,88
17000000.0,26,89
17000000.0,26,90
17000000.0,26,91
17000000.0,28,87
17000000.0,28,88
17000000.0,28,89
17000000.0,28,90
17000000.0,28,91
17000000.0,30,87
17000000.0,30,88
17000000.0,30,89
17000000.0,30,90
17000000.0,30,91
17000000.0,32,87
17000000.0,32,88
17000000.0,32,89
17000000.0,32,90
17000000.0,32,91
17000000.0,34,87
17000000.0,34,88
17000000.0,34,89
17000000.0,34,90
17000000.0,34,91
17000000.0,36,87
17000000.0,36,88
17000000.0,36,89
17000000.0,36,90
17000000.0,36,91
17000000.0,38,87
17000000.0,38,88
17000000.0,38,89
17000000.0,38,90
17000000.0,38,91
17000000.0,40,87
17000000.0,40,88
17000000.0,40,89
17000000.0,40,90
17000000.0,40,91
18000000.0,0,87
18000000.0,0,88
18000000.0,0,89
18000000.0,0,90
18000000.0,0,91
18000000.0,2,87
18000000.0,2,88
18000000.0,2,89
18000000.0,2,90
18000000.0,2,91
18000000.0,4,87
18000000.0,4,88
18000000.0,4,89
18000000.0,4,90
18000000.0,4,91
18000000.0,6,87
18000000.0,6,88
18000000.0,6,89
18000000.0,6,90
18000000.0,6,91
18000000.0,8,87
18000000.0,8,88
18000000.0,8,89
18000000.0,8,90
18000000.0,8,91
18000000.0,10,87
18000000.0,10,88
18000000.0,10,89
18000000.0,10,90
18000000.0,10,91
18000000.0,12,87
18000000.0,12,88
18000000.0,12,89
18000000.0,12,90
18000000.0,12,91
18000000.0,14,87
18000000.0,14,88
18000000.0,14,89
18000000.0,14,90
18000000.0,14,91
18000000.0,16,87
18000000.0,16,88
18000000.0,16,89
18000000.0,16,90
18000000.0,16,91
18000000.0,18,87
18000000.0,18,88
18000000.0,18,89
18000000.0,18,90
18000000.0,18,91
18000000.0,20,87
18000000.0,20,88
18000000.0,20,89
18000000.0,20,90
18000000.0,20,91
18000000.0,22,87
18000000.0,22,88
18000000.0,22,89
18000000.0,22,90
18000000.0,22,91
18000000.0,24,87
18000000.0,24,88
18000000.0,24,89
18000000.0,24,90
18000000.0,24,91
18000000.0,26,87
18000000.0,26,88
18000000.0,26,89
18000000.0,26,90
18000000.0,26,91
18000000.0,28,87
18000000.0,28,88
18000000.0,28,89
18000000.0,28,90
18000000.0,28,91
18000000.0,30,87
18000000.0,30,88
18000000.0,30,89
18000000.0,30,90
18000000.0,30,91
18000000.0,32,87
18000000.0,32,88
18000000.0,32,89
18000000.0,32,90
18000000.0,32,91
18000000.0,34,87
18000000.0,34,88
18000000.0,34,89
18000000.0,34,90
18000000.0,34,91
18000000.0,36,87
18000000.0,36,88
18000000.0,36,89
18000000.0,36,90
18000000.0,36,91
18000000.0,38,87
18000000.0,38,88
18000000.0,38,89
18000000.0,38,90
18000000.0,38,91
18000000.0,40,87
18000000.0,40,88
18000000.0,40,89
18000000.0,40,90
18000000.0,40,91
19000000.0,0,87
19000000.0,0,88
19000000.0,0,89
19000000.0,0,90
19000000.0,0,91
19000000.0,2,87
19000000.0,2,88
19000000.0,2,89
19000000.0,2,90
19000000.0,2,91
19000000.0,4,87
19000000.0,4,88
19000000.0,4,89
19000000.0,4,90
19000000.0,4,91
19000000.0,6,87
19000000.0,6,88
19000000.0,6,89
19000000.0,6,90
19000000.0,6,91
19000000.0,8,87
19000000.0,8,88
19000000.0,8,89
19000000.0,8,90
19000000.0,8,91
19000000.0,10,87
19000000.0,10,88
19000000.0,10,89
19000000.0,10,90
19000000.0,10,91
19000000.0,12,87
19000000.0,12,88
19000000.0,12,89
19000000.0,12,90
19000000.0,12,91
19000000.0,14,87
19000000.0,14,88
19000000.0,14,89
19000000.0,14,90
19000000.0,14,91
19000000.0,16,87
19000000.0,16,88
19000000.0,16,89
19000000.0,16,90
19000000.0,16,91
19000000.0,18,87
19000000.0,18,88
19000000.0,18,89
19000000.0,18,90
19000000.0,18,91
19000000.0,20,87
19000000.0,20,88
19000000.0,20,89
19000000.0,20,90
19000000.0,20,91
19000000.0,22,87
19000000.0,22,88
19000000.0,22,89
19000000.0,22,90
19000000.0,22,91
19000000.0,24,87
19000000.0,24,88
19000000.0,24,89
19000000.0,24,90
19000000.0,24,91
19000000.0,26,87
19000000.0,26,88
19000000.0,26,89
19000000.0,26,90
19000000.0,26,91
19000000.0,28,87
19000000.0,28,88
19000000.0,28,89
19000000.0,28,90
19000000.0,28,91
19000000.0,30,87
19000000.0,30,88
19000000.0,30,89
19000000.0,30,90
19000000.0,30,91
19000000.0,32,87
19000000.0,32,88
19000000.0,32,89
19000000.0,32,90
19000000.0,32,91
19000000.0,34,87
19000000.0,34,88
19000000.0,34,89
19000000.0,34,90
19000000.0,34,91
19000000.0,36,87
19000000.0,36,88
19000000.0,36,89
19000000.0,36,90
19000000.0,36,91
19000000.0,38,87
19000000.0,38,88
19000000.0,38,89
19000000.0,38,90
19000000.0,38,91
19000000.0,40,87
19000000.0,40,88
19000000.0,40,89
19000000.0,40,90
19000000.0,40,91
20000000.0,0,87
20000000.0,0,88
20000000.0,0,89
20000000.0,0,90
20000000.0,0,91
20000000.0,2,87
20000000.0,2,88
20000000.0,2,89
20000000.0,2,90
20000000.0,2,91
20000000.0,4,87
20000000.0,4,88
20000000.0,4,89
20000000.0,4,90
20000000.0,4,91
20000000.0,6,87
20000000.0,6,88
20000000.0,6,89
20000000.0,6,90
20000000.0,6,91
20000000.0,8,87
20000000.0,8,88
20000000.0,8,89
20000000.0,8,90
20000000.0,8,91
20000000.0,10,87
20000000.0,10,88
20000000.0,10,89
20000000.0,10,90
20000000.0,10,91
20000000.0,12,87
20000000.0,12,88
20000000.0,12,89
20000000.0,12,90
20000000.0,12,91
20000000.0,14,87
20000000.0,14,88
20000000.0,14,89
20000000.0,14,90
20000000.0,14,91
20000000.0,16,87
20000000.0,16,88
20000000.0,16,89
20000000.0,16,90
20000000.0,16,91
20000000.0,18,87
20000000.0,18,88
20000000.0,18,89
20000000.0,18,90
20000000.0,18,91
20000000.0,20,87
20000000.0,20,88
20000000.0,20,89
20000000.0,20,90
20000000.0,20,91
20000000.0,22,87
20000000.0,22,88
20000000.0,22,89
20000000.0,22,90
20000000.0,22,91
20000000.0,24,87
20000000.0,24,88
20000000.0,24,89
20000000.0,24,90
20000000.0,24,91
20000000.0,26,87
20000000.0,26,88
20000000.0,26,89
20000000.0,26,90
20000000.0,26,91
20000000.0,28,87
20000000.0,28,88
20000000.0,28,89
20000000.0,28,90
20000000.0,28,91
20000000.0,30,87
20000000.0,30,88
20000000.0,30,89
20000000.0,30,90
20000000.0,30,91
20000000.0,32,87
20000000.0,32,88
20000000.0,32,89
20000000.0,32,90
20000000.0,32,91
20000000.0,34,87
20000000.0,34,88
20000000.0,34,89
20000000.0,34,90
20000000.0,34,91
20000000.0,36,87
20000000.0,36,88
20000000.0,36,89
20000000.0,36,90
20000000.0,36,91
20000000.0,38,87
20000000.0,38,88
20000000.0,38,89
20000000.0,38,90
20000000.0,38,91
20000000.0,40,87
20000000.0,40,88
20000000.0,40,89
20000000.0,40,90
20000000.0,40,91
21000000.0,0,87
21000000.0,0,88
21000000.0,0,89
21000000.0,0,90
21000000.0,0,91
21000000.0,2,87
21000000.0,2,88
21000000.0,2,89
21000000.0,2,90
21000000.0,2,91
21000000.0,4,87
21000000.0,4,88
21000000.0,4,89
21000000.0,4,90
21000000.0,4,91
21000000.0,6,87
21000000.0,6,88
21000000.0,6,89
21000000.0,6,90
21000000.0,6,91
21000000.0,8,87
21000000.0,8,88
21000000.0,8,89
21000000.0,8,90
21000000.0,8,91
21000000.0,10,87
21000000.0,10,88
21000000.0,10,89
21000000.0,10,90
21000000.0,10,91
21000000.0,12,87
21000000.0,12,88
21000000.0,12,89
21000000.0,12,90
21000000.0,12,91
21000000.0,14,87
21000000.0,14,88
21000000.0,14,89
21000000.0,14,90
21000000.0,14,91
21000000.0,16,87
21000000.0,16,88
21000000.0,16,89
21000000.0,16,90
21000000.0,16,91
21000000.0,18,87
21000000.0,18,88
21000000.0,18,89
21000000.0,18,90
21000000.0,18,91
21000000.0,20,87
21000000.0,20,88
21000000.0,20,89
21000000.0,20,90
21000000.0,20,91
21000000.0,22,87
21000000.0,22,88
21000000.0,22,89
21000000.0,22,90
21000000.0,22,91
21000000.0,24,87
21000000.0,24,88
21000000.0,24,89
21000000.0,24,90
21000000.0,24,91
21000000.0,26,87
21000000.0,26,88
21000000.0,26,89
21000000.0,26,90
21000000.0,26,91
21000000.0,28,87
21000000.0,28,88
21000000.0,28,89
21000000.0,28,90
21000000.0,28,91
21000000.0,30,87
21000000.0,30,88
21000000.0,30,89
21000000.0,30,90
21000000.0,30,91
21000000.0,32,87
21000000.0,32,88
21000000.0,32,89
21000000.0,32,90
21000000.0,32,91
21000000.0,34,87
21000000.0,34,88
21000000.0,34,89
21000000.0,34,90
21000000.0,34,91
21000000.0,36,87
21000000.0,36,88
21000000.0,36,89
21000000.0,36,90
21000000.0,36,91
21000000.0,38,87
21000000.0,38,88
21000000.0,38,89
21000000.0,38,90
21000000.0,38,91
21000000.0,40,87
21000000.0,40,88
21000000.0,40,89
21000000.0,40,90
21000000.0,40,91
22000000.0,0,87
22000000.0,0,88
22000000.0,0,89
22000000.0,0,90
22000000.0,0,91
22000000.0,2,87
22000000.0,2,88
22000000.0,2,89
22000000.0,2,90
22000000.0,2,91
22000000.0,4,87
22000000.0,4,88
22000000.0,4,89
22000000.0,4,90
22000000.0,4,91
22000000.0,6,87
22000000.0,6,88
22000000.0,6,89
22000000.0,6,90
22000000.0,6,91
22000000.0,8,87
22000000.0,8,88
22000000.0,8,89
22000000.0,8,90
22000000.0,8,91
22000000.0,10,87
22000000.0,10,88
22000000.0,10,89
22000000.0,10,90
22000000.0,10,91
22000000.0,12,87
22000000.0,12,88
22000000.0,12,89
22000000.0,12,90
22000000.0,12,91
22000000.0,14,87
22000000.0,14,88
22000000.0,14,89
22000000.0,14,90
22000000.0,14,91
22000000.0,16,87
22000000.0,16,88
22000000.0,16,89
22000000.0,16,90
22000000.0,16,91
22000000.0,18,87
22000000.0,18,88
22000000.0,18,89
22000000.0,18,90
22000000.0,18,91
22000000.0,20,87
22000000.0,20,88
22000000.0,20,89
22000000.0,20,90
22000000.0,20,91
22000000.0,22,87
22000000.0,22,88
22000000.0,22,89
22000000.0,22,90
22000000.0,22,91
22000000.0,24,87
22000000.0,24,88
22000000.0,24,89
22000000.0,24,90
22000000.0,24,91
22000000.0,26,87
22000000.0,26,88
22000000.0,26,89
22000000.0,26,90
22000000.0,26,91
22000000.0,28,87
22000000.0,28,88
22000000.0,28,89
22000000.0,28,90
22000000.0,28,91
22000000.0,30,87
22000000.0,30,88
22000000.0,30,89
22000000.0,30,90
22000000.0,30,91
22000000.0,32,87
22000000.0,32,88
22000000.0,32,89
22000000.0,32,90
22000000.0,32,91
22000000.0,34,87
22000000.0,34,88
22000000.0,34,89
22000000.0,34,90
22000000.0,34,91
22000000.0,36,87
22000000.0,36,88
22000000.0,36,89
22000000.0,36,90
22000000.0,36,91
22000000.0,38,87
22000000.0,38,88
22000000.0,38,89
22000000.0,38,90
22000000.0,38,91
22000000.0,40,87
22000000.0,40,88
22000000.0,40,89
22000000.0,40,90
22000000.0,40,91
23000000.0,0,87
23000000.0,0,88
23000000.0,0,89
23000000.0,0,90
23000000.0,0,91
23000000.0,2,87
23000000.0,2,88
23000000.0,2,89
23000000.0,2,90
23000000.0,2,91
23000000.0,4,87
23000000.0,4,88
23000000.0,4,89
23000000.0,4,90
23000000.0,4,91
23000000.0,6,87
23000000.0,6,88
23000000.0,6,89
23000000.0,6,90
23000000.0,6,91
23000000.0,8,87
23000000.0,8,88
23000000.0,8,89
23000000.0,8,90
23000000.0,8,91
23000000.0,10,87
23000000.0,10,88
23000000.0,10,89
23000000.0,10,90
23000000.0,10,91
23000000.0,12,87
23000000.0,12,88
23000000.0,12,89
23000000.0,12,90
23000000.0,12,91
23000000.0,14,87
23000000.0,14,88
23000000.0,14,89
23000000.0,14,90
23000000.0,14,91
23000000.0,16,87
23000000.0,16,88
23000000.0,16,89
23000000.0,16,90
23000000.0,16,91
23000000.0,18,87
23000000.0,18,88
23000000.0,18,89
23000000.0,18,90
23000000.0,18,91
23000000.0,20,87
23000000.0,20,88
23000000.0,20,89
23000000.0,20,90
23000000.0,20,91
23000000.0,22,87
23000000.0,22,88
23000000.0,22,89
23000000.0,22,90
23000000.0,22,91
23000000.0,24,87
23000000.0,24,88
23000000.0,24,89
23000000.0,24,90
23000000.0,24,91
23000000.0,26,87
23000000.0,26,88
23000000.0,26,89
23000000.0,26,90
23000000.0,26,91
23000000.0,28,87
23000000.0,28,88
23000000.0,28,89
23000000.0,28,90
23000000.0,28,91
23000000.0,30,87
23000000.0,30,88
23000000.0,30,89
23000000.0,30,90
23000000.0,30,91
23000000.0,32,87
23000000.0,32,88
23000000.0,32,89
23000000.0,32,90
23000000.0,32,91
23000000.0,34,87
23000000.0,34,88
23000000.0,34,89
23000000.0,34,90
23000000.0,34,91
23000000.0,36,87
23000000.0,36,88
23000000.0,36,89
23000000.0,36,90
23000000.0,36,91
23000000.0,38,87
23000000.0,38,88
23000000.0,38,89
23000000.0,38,90
23000000.0,38,91
23000000.0,40,87
23000000.0,40,88
23000000.0,40,89
23000000.0,40,90
23000000.0,40,91
24000000.0,0,87
24000000.0,0,88
24000000.0,0,89
24000000.0,0,90
24000000.0,0,91
24000000.0,2,87
24000000.0,2,88
24000000.0,2,89
24000000.0,2,90
24000000.0,2,91
24000000.0,4,87
24000000.0,4,88
24000000.0,4,89
24000000.0,4,90
24000000.0,4,91
24000000.0,6,87
24000000.0,6,88
24000000.0,6,89
24000000.0,6,90
24000000.0,6,91
24000000.0,8,87
24000000.0,8,88
24000000.0,8,89
24000000.0,8,90
24000000.0,8,91
24000000.0,10,87
24000000.0,10,88
24000000.0,10,89
24000000.0,10,90
24000000.0,10,91
24000000.0,12,87
24000000.0,12,88
24000000.0,12,89
24000000.0,12,90
24000000.0,12,91
24000000.0,14,87
24000000.0,14,88
24000000.0,14,89
24000000.0,14,90
24000000.0,14,91
24000000.0,16,87
24000000.0,16,88
24000000.0,16,89
24000000.0,16,90
24000000.0,16,91
24000000.0,18,87
24000000.0,18,88
24000000.0,18,89
24000000.0,18,90
24000000.0,18,91
24000000.0,20,87
24000000.0,20,88
24000000.0,20,89
24000000.0,20,90
24000000.0,20,91
24000000.0,22,87
24000000.0,22,88
24000000.0,22,89
24000000.0,22,90
24000000.0,22,91
24000000.0,24,87
24000000.0,24,88
24000000.0,24,89
24000000.0,24,90
24000000.0,24,91
24000000.0,26,87
24000000.0,26,88
24000000.0,26,89
24000000.0,26,90
24000000.0,26,91
24000000.0,28,87
24000000.0,28,88
24000000.0,28,89
24000000.0,28,90
24000000.0,28,91
24000000.0,30,87
24000000.0,30,88
24000000.0,30,89
24000000.0,30,90
24000000.0,30,91
24000000.0,32,87
24000000.0,32,88
24000000.0,32,89
24000000.0,32,90
24000000.0,32,91
24000000.0,34,87
24000000.0,34,88
24000000.0,34,89
24000000.0,34,90
24000000.0,34,91
24000000.0,36,87
24000000.0,36,88
24000000.0,36,89
24000000.0,36,90
24000000.0,36,91
24000000.0,38,87
24000000.0,38,88
24000000.0,38,89
24000000.0,38,90
24000000.0,38,91
24000000.0,40,87
24000000.0,40,88
24000000.0,40,89
24000000.0,40,90
24000000.0,40,91
25000000.0,0,87
25000000.0,0,88
25000000.0,0,89
25000000.0,0,90
25000000.0,0,91
25000000.0,2,87
25000000.0,2,88
25000000.0,2,89
25000000.0,2,90
25000000.0,2,91
25000000.0,4,87
25000000.0,4,88
25000000.0,4,89
25000000.0,4,90
25000000.0,4,91
25000000.0,6,87
25000000.0,6,88
25000000.0,6,89
25000000.0,6,90
25000000.0,6,91
25000000.0,8,87
25000000.0,8,88
25000000.0,8,89
25000000.0,8,90
25000000.0,8,91
25000000.0,10,87
25000000.0,10,88
25000000.0,10,89
25000000.0,10,90
25000000.0,10,91
25000000.0,12,87
25000000.0,12,88
25000000.0,12,89
25000000.0,12,90
25000000.0,12,91
25000000.0,14,87
25000000.0,14,88
25000000.0,14,89
25000000.0,14,90
25000000.0,14,91
25000000.0,16,87
25000000.0,16,88
25000000.0,16,89
25000000.0,16,90
25000000.0,16,91
25000000.0,18,87
25000000.0,18,88
25000000.0,18,89
25000000.0,18,90
25000000.0,18,91
25000000.0,20,87
25000000.0,20,88
25000000.0,20,89
25000000.0,20,90
25000000.0,20,91
25000000.0,22,87
25000000.0,22,88
25000000.0,22,89
25000000.0,22,90
25000000.0,22,91
25000000.0,24,87
25000000.0,24,88
25000000.0,24,89
25000000.0,24,90
25000000.0,24,91
25000000.0,26,87
25000000.0,26,88
25000000.0,26,89
25000000.0,26,90
25000000.0,26,91
25000000.0,28,87
25000000.0,28,88
25000000.0,28,89
25000000.0,28,90
25000000.0,28,91
25000000.0,30,87
25000000.0,30,88
25000000.0,30,89
25000000.0,30,90
25000000.0,30,91
25000000.0,32,87
25000000.0,32,88
25000000.0,32,89
25000000.0,32,90
25000000.0,32,91
25000000.0,34,87
25000000.0,34,88
25000000.0,34,89
25000000.0,34,90
25000000.0,34,91
25000000.0,36,87
25000000.0,36,88
25000000.0,36,89
25000000.0,36,90
25000000.0,36,91
25000000.0,38,87
25000000.0,38,88
25000000.0,38,89
25000000.0,38,90
25000000.0,38,91
25000000.0,40,87
25000000.0,40,88
25000000.0,40,89
25000000.0,40,90
25000000.0,40,91
26000000.0,0,87
26000000.0,0,88
26000000.0,0,89
26000000.0,0,90
26000000.0,0,91
26000000.0,2,87
26000000.0,2,88
26000000.0,2,89
26000000.0,2,90
26000000.0,2,91
26000000.0,4,87
26000000.0,4,88
26000000.0,4,89
26000000.0,4,90
26000000.0,4,91
26000000.0,6,87
26000000.0,6,88
26000000.0,6,89
26000000.0,6,90
26000000.0,6,91
26000000.0,8,87
26000000.0,8,88
26000000.0,8,89
26000000.0,8,90
26000000.0,8,91
26000000.0,10,87
26000000.0,10,88
26000000.0,10,89
26000000.0,10,90
26000000.0,10,91
26000000.0,12,87
26000000.0,12,88
26000000.0,12,89
26000000.0,12,90
26000000.0,12,91
26000000.0,14,87
26000000.0,14,88
26000000.0,14,89
26000000.0,14,90
26000000.0,14,91
26000000.0,16,87
26000000.0,16,88
26000000.0,16,89
26000000.0,16,90
26000000.0,16,91
26000000.0,18,87
26000000.0,18,88
26000000.0,18,89
26000000.0,18,90
26000000.0,18,91
26000000.0,20,87
26000000.0,20,88
26000000.0,20,89
26000000.0,20,90
26000000.0,20,91
26000000.0,22,87
26000000.0,22,88
26000000.0,22,89
26000000.0,22,90
26000000.0,22,91
26000000.0,24,87
26000000.0,24,88
26000000.0,24,89
26000000.0,24,90
26000000.0,24,91
26000000.0,26,87
26000000.0,26,88
26000000.0,26,89
26000000.0,26,90
26000000.0,26,91
26000000.0,28,87
26000000.0,28,88
26000000.0,28,89
26000000.0,28,90
26000000.0,28,91
26000000.0,30,87
26000000.0,30,88
26000000.0,30,89
26000000.0,30,90
26000000.0,30,91
26000000.0,32,87
26000000.0,32,88
26000000.0,32,89
26000000.0,32,90
26000000.0,32,91
26000000.0,34,87
26000000.0,34,88
26000000.0,34,89
26000000.0,34,90
26000000.0,34,91
26000000.0,36,87
26000000.0,36,88
26000000.0,36,89
26000000.0,36,90
26000000.0,36,91
26000000.0,38,87
26000000.0,38,88
26000000.0,38,89
26000000.0,38,90
26000000.0,38,91
26000000.0,40,87
26000000.0,40,88
26000000.0,40,89
26000000.0,40,90
26000000.0,40,91
27000000.0,0,87
27000000.0,0,88
27000000.0,0,89
27000000.0,0,90
27000000.0,0,91
27000000.0,2,87
27000000.0,2,88
27000000.0,2,89
27000000.0,2,90
27000000.0,2,91
27000000.0,4,87
27000000.0,4,88
27000000.0,4,89
27000000.0,4,90
27000000.0,4,91
27000000.0,6,87
27000000.0,6,88
27000000.0,6,89
27000000.0,6,90
27000000.0,6,91
27000000.0,8,87
27000000.0,8,88
27000000.0,8,89
27000000.0,8,90
27000000.0,8,91
27000000.0,10,87
27000000.0,10,88
27000000.0,10,89
27000000.0,10,90
27000000.0,10,91
27000000.0,12,87
27000000.0,12,88
27000000.0,12,89
27000000.0,12,90
27000000.0,12,91
27000000.0,14,87
27000000.0,14,88
27000000.0,14,89
27000000.0,14,90
27000000.0,14,91
27000000.0,16,87
27000000.0,16,88
27000000.0,16,89
27000000.0,16,90
27000000.0,16,91
27000000.0,18,87
27000000.0,18,88
27000000.0,18,89
27000000.0,18,90
27000000.0,18,91
27000000.0,20,87
27000000.0,20,88
27000000.0,20,89
27000000.0,20,90
27000000.0,20,91
27000000.0,22,87
27000000.0,22,88
27000000.0,22,89
27000000.0,22,90
27000000.0,22,91
27000000.0,24,87
27000000.0,24,88
27000000.0,24,89
27000000.0,24,90
27000000.0,24,91
27000000.0,26,87
27000000.0,26,88
27000000.0,26,89
27000000.0,26,90
27000000.0,26,91
27000000.0,28,87
27000000.0,28,88
27000000.0,28,89
27000000.0,28,90
27000000.0,28,91
27000000.0,30,87
27000000.0,30,88
27000000.0,30,89
27000000.0,30,90
27000000.0,30,91
27000000.0,32,87
27000000.0,32,88
27000000.0,32,89
27000000.0,32,90
27000000.0,32,91
27000000.0,34,87
27000000.0,34,88
27000000.0,34,89
27000000.0,34,90
27000000.0,34,91
27000000.0,36,87
27000000.0,36,88
27000000.0,36,89
27000000.0,36,90
27000000.0,36,91
27000000.0,38,87
27000000.0,38,88
27000000.0,38,89
27000000.0,38,90
27000000.0,38,91
27000000.0,40,87
27000000.0,40,88
27000000.0,40,89
27000000.0,40,90
27000000.0,40,91
28000000.0,0,87
28000000.0,0,88
28000000.0,0,89
28000000.0,0,90
28000000.0,0,91
28000000.0,2,87
28000000.0,2,88
28000000.0,2,89
28000000.0,2,90
28000000.0,2,91
28000000.0,4,87
28000000.0,4,88
28000000.0,4,89
28000000.0,4,90
28000000.0,4,91
28000000.0,6,87
28000000.0,6,88
28000000.0,6,89
28000000.0,6,90
28000000.0,6,91
28000000.0,8,87
28000000.0,8,88
28000000.0,8,89
28000000.0,8,90
28000000.0,8,91
28000000.0,10,87
28000000.0,10,88
28000000.0,10,89
28000000.0,10,90
28000000.0,10,91
28000000.0,12,87
28000000.0,12,88
28000000.0,12,89
28000000.0,12,90
28000000.0,12,91
28000000.0,14,87
28000000.0,14,88
28000000.0,14,89
28000000.0,14,90
28000000.0,14,91
28000000.0,16,87
28000000.0,16,88
28000000.0,16,89
28000000.0,16,90
28000000.0,16,91
28000000.0,18,87
28000000.0,18,88
28000000.0,18,89
28000000.0,18,90
28000000.0,18,91
28000000.0,20,87
28000000.0,20,88
28000000.0,20,89
28000000.0,20,90
28000000.0,20,91
28000000.0,22,87
28000000.0,22,88
28000000.0,22,89
28000000.0,22,90
28000000.0,22,91
28000000.0,24,87
28000000.0,24,88
28000000.0,24,89
28000000.0,24,90
28000000.0,24,91
28000000.0,26,87
28000000.0,26,88
28000000.0,26,89
28000000.0,26,90
28000000.0,26,91
28000000.0,28,87
28000000.0,28,88
28000000.0,28,89
28000000.0,28,90
28000000.0,28,91
28000000.0,30,87
28000000.0,30,88
28000000.0,30,89
28000000.0,30,90
28000000.0,30,91
28000000.0,32,87
28000000.0,32,88
28000000.0,32,89
28000000.0,32,90
28000000.0,32,91
28000000.0,34,87
28000000.0,34,88
28000000.0,34,89
28000000.0,34,90
28000000.0,34,91
28000000.0,36,87
28000000.0,36,88
28000000.0,36,89
28000000.0,36,90
28000000.0,36,91
28000000.0,38,87
28000000.0,38,88
28000000.0,38,89
28000000.0,38,90
28000000.0,38,91
28000000.0,40,87
28000000.0,40,88
28000000.0,40,89
28000000.0,40,90
28000000.0,40,91
29000000.0,0,87
29000000.0,0,88
29000000.0,0,89
29000000.0,0,90
29000000.0,0,91
29000000.0,2,87
29000000.0,2,88
29000000.0,2,89
29000000.0,2,90
29000000.0,2,91
29000000.0,4,87
29000000.0,4,88
29000000.0,4,89
29000000.0,4,90
29000000.0,4,91
29000000.0,6,87
29000000.0,6,88
29000000.0,6,89
29000000.0,6,90
29000000.0,6,91
29000000.0,8,87
29000000.0,8,88
29000000.0,8,89
29000000.0,8,90
29000000.0,8,91
29000000.0,10,87
29000000.0,10,88
29000000.0,10,89
29000000.0,10,90
29000000.0,10,91
29000000.0,12,87
29000000.0,12,88
29000000.0,12,89
29000000.0,12,90
29000000.0,12,91
29000000.0,14,87
29000000.0,14,88
29000000.0,14,89
29000000.0,14,90
29000000.0,14,91
29000000.0,16,87
29000000.0,16,88
29000000.0,16,89
29000000.0,16,90
29000000.0,16,91
29000000.0,18,87
29000000.0,18,88
29000000.0,18,89
29000000.0,18,90
29000000.0,18,91
29000000.0,20,87
29000000.0,20,88
29000000.0,20,89
29000000.0,20,90
29000000.0,20,91
29000000.0,22,87
29000000.0,22,88
29000000.0,22,89
29000000.0,22,90
29000000.0,22,91
29000000.0,24,87
29000000.0,24,88
29000000.0,24,89
29000000.0,24,90
29000000.0,24,91
29000000.0,26,87
29000000.0,26,88
29000000.0,26,89
29000000.0,26,90
29000000.0,26,91
29000000.0,28,87
29000000.0,28,88
29000000.0,28,89
29000000.0,28,90
29000000.0,28,91
29000000.0,30,87
29000000.0,30,88
29000000.0,30,89
29000000.0,30,90
29000000.0,30,91
29000000.0,32,87
29000000.0,32,88
29000000.0,32,89
29000000.0,32,90
29000000.0,32,91
29000000.0,34,87
29000000.0,34,88
29000000.0,34,89
29000000.0,34,90
29000000.0,34,91
29000000.0,36,87
29000000.0,36,88
29000000.0,36,89
29000000.0,36,90
29000000.0,36,91
29000000.0,38,87
29000000.0,38,88
29000000.0,38,89
29000000.0,38,90
29000000.0,38,91
29000000.0,40,87
29000000.0,40,88
29000000.0,40,89
29000000.0,40,90
29000000.0,40,91
30000000.0,0,87
30000000.0,0,88
30000000.0,0,89
30000000.0,0,90
30000000.0,0,91
30000000.0,2,87
30000000.0,2,88
30000000.0,2,89
30000000.0,2,90
30000000.0,2,91
30000000.0,4,87
30000000.0,4,88
30000000.0,4,89
30000000.0,4,90
30000000.0,4,91
30000000.0,6,87
30000000.0,6,88
30000000.0,6,89
30000000.0,6,90
30000000.0,6,91
30000000.0,8,87
30000000.0,8,88
30000000.0,8,89
30000000.0,8,90
30000000.0,8,91
30000000.0,10,87
30000000.0,10,88
30000000.0,10,89
30000000.0,10,90
30000000.0,10,91
30000000.0,12,87
30000000.0,12,88
30000000.0,12,89
30000000.0,12,90
30000000.0,12,91
30000000.0,14,87
30000000.0,14,88
30000000.0,14,89
30000000.0,14,90
30000000.0,14,91
30000000.0,16,87
30000000.0,16,88
30000000.0,16,89
30000000.0,16,90
30000000.0,16,91
30000000.0,18,87
30000000.0,18,88
30000000.0,18,89
30000000.0,18,90
30000000.0,18,91
30000000.0,20,87
30000000.0,20,88
30000000.0,20,89
30000000.0,20,90
30000000.0,20,91
30000000.0,22,87
30000000.0,22,88
30000000.0,22,89
30000000.0,22,90
30000000.0,22,91
30000000.0,24,87
30000000.0,24,88
30000000.0,24,89
30000000.0,24,90
30000000.0,24,91
30000000.0,26,87
30000000.0,26,88
30000000.0,26,89
30000000.0,26,90
30000000.0,26,91
30000000.0,28,87
30000000.0,28,88
30000000.0,28,89
30000000.0,28,90
30000000.0,28,91
30000000.0,30,87
30000000.0,30,88
30000000.0,30,89
30000000.0,30,90
30000000.0,30,91
30000000.0,32,87
30000000.0,32,88
30000000.0,32,89
30000000.0,32,90
30000000.0,32,91
30000000.0,34,87
30000000.0,34,88
30000000.0,34,89
30000000.0,34,90
30000000.0,34,91
30000000.0,36,87
30000000.0,36,88
30000000.0,36,89
30000000.0,36,90
30000000.0,36,91
30000000.0,38,87
30000000.0,38,88
30000000.0,38,89
30000000.0,38,90
30000000.0,38,91
30000000.0,40,87
30000000.0,40,88
30000000.0,40,89
30000000.0,40,90
30000000.0,40,91
